SUMLEV,STATE,COUNTY,PLACE,COUSUB,CONCIT,PRIMGEO_FLAG,FUNCSTAT,NAME,STNAME,ESTIMATESBASE2020,POPESTIMATE2020,POPESTIMATE2021,POPESTIMATE2022,POPESTIMATE2023,POPESTIMATE2024
040,47,000,00000,00000,00000,0,A,Tennessee,Tennessee,6912347,6927904,6965740,7062217,7148304,7227750
162,47,000,00200,00000,00000,0,A,Adams city,Tennessee,623,624,636,646,657,666
162,47,000,00240,00000,00000,0,A,Adamsville town,Tennessee,2082,2081,2074,2069,2087,2074
162,47,000,00440,00000,00000,0,A,Alamo town,Tennessee,2340,2339,2338,2294,2342,2334
162,47,000,00540,00000,00000,0,A,Alcoa city,Tennessee,10987,10990,11522,11708,13364,13588
162,47,000,00620,00000,00000,0,A,Alexandria town,Tennessee,912,915,917,926,927,944
162,47,000,00640,00000,00000,0,A,Algood city,Tennessee,3966,3984,3984,3987,4126,4104
162,47,000,00660,00000,00000,0,A,Allardt city,Tennessee,555,556,565,579,589,602
162,47,000,00940,00000,00000,0,A,Altamont town,Tennessee,1118,1121,1102,1136,1153,1189
162,47,000,01640,00000,00000,0,A,Ardmore city,Tennessee,1209,1207,1227,1229,1232,1236
162,47,000,01740,00000,00000,0,A,Arlington town,Tennessee,14835,14918,15003,15146,15369,15550
162,47,000,02180,00000,00000,0,A,Ashland City town,Tennessee,5191,5186,5178,5505,5593,5689
162,47,000,02320,00000,00000,0,A,Athens city,Tennessee,14077,14091,14120,14343,14728,15050
162,47,000,02340,00000,00000,0,A,Atoka town,Tennessee,10015,10061,10213,10446,10559,10624
162,47,000,02380,00000,00000,0,A,Atwood town,Tennessee,943,943,943,945,962,967
162,47,000,02400,00000,00000,0,A,Auburntown town,Tennessee,274,275,275,276,282,284
162,47,000,02780,00000,00000,0,A,Baileyton town,Tennessee,426,429,436,444,451,450
162,47,000,03078,00000,00000,0,A,Baneberry city,Tennessee,524,527,546,554,567,578
162,47,000,03440,00000,00000,0,A,Bartlett city,Tennessee,57792,57671,57059,56635,56271,56708
162,47,000,03680,00000,00000,0,A,Baxter town,Tennessee,1580,1586,1625,1839,1936,2051
162,47,000,03760,00000,00000,0,A,Bean Station city,Tennessee,2954,2959,2972,3022,3070,3111
162,47,000,04240,00000,00000,0,A,Beersheba Springs town,Tennessee,432,432,436,444,450,455
162,47,000,04460,00000,00000,0,A,Bell Buckle town,Tennessee,414,414,419,420,423,423
162,47,000,04620,00000,00000,0,A,Belle Meade city,Tennessee,2908,2895,2752,2685,2623,2590
162,47,000,04720,00000,00000,0,A,Bells city,Tennessee,2462,2461,2479,2462,2478,2474
162,47,000,05040,00000,00000,0,A,Benton town,Tennessee,1521,1515,1477,1435,1445,1458
162,47,000,05140,00000,00000,0,A,Berry Hill city,Tennessee,2112,2099,1988,1918,1861,1838
162,47,000,05380,00000,00000,0,A,Bethel Springs town,Tennessee,745,745,746,750,751,748
162,47,000,05860,00000,00000,0,A,Big Sandy town,Tennessee,487,486,487,492,496,497
162,47,000,06340,00000,00000,0,A,Blaine city,Tennessee,2079,2080,2090,2117,2144,2167
162,47,000,06960,00000,00000,0,A,Bluff City city,Tennessee,1820,1819,1824,1836,1838,1838
162,47,000,07180,00000,00000,0,A,Bolivar city,Tennessee,5198,5188,5170,5178,5119,5084
162,47,000,07840,00000,00000,0,A,Braden town,Tennessee,257,256,254,252,250,248
162,47,000,07860,00000,00000,0,A,Bradford town,Tennessee,1002,1001,994,994,993,1002
162,47,000,08280,00000,00000,0,A,Brentwood city,Tennessee,45384,45447,45734,45612,45425,45525
162,47,000,08500,00000,00000,0,A,Brighton town,Tennessee,2883,2884,2872,2876,2875,2904
162,47,000,08540,00000,00000,0,A,Bristol city,Tennessee,27133,27181,27545,27716,27828,27867
162,47,000,08920,00000,00000,0,A,Brownsville city,Tennessee,9918,9892,9763,9597,9490,9358
162,47,000,08960,00000,00000,0,A,Bruceton town,Tennessee,1507,1506,1489,1480,1505,1520
162,47,000,09560,00000,00000,0,A,Bulls Gap town,Tennessee,755,754,755,762,767,771
162,47,000,09860,00000,00000,0,A,Burlison town,Tennessee,369,369,368,367,366,367
162,47,000,09880,00000,00000,0,A,Burns town,Tennessee,1582,1606,1693,1776,1817,1872
162,47,000,10180,00000,00000,0,A,Byrdstown town,Tennessee,792,791,802,805,808,807
162,47,000,10440,00000,00000,0,A,Calhoun town,Tennessee,534,535,541,546,553,562
162,47,000,10560,00000,00000,0,A,Camden city,Tennessee,3677,3677,3636,3655,3702,3692
162,47,000,11280,00000,00000,0,A,Carthage town,Tennessee,2293,2295,2263,2303,2267,2266
162,47,000,11360,00000,00000,0,A,Caryville town,Tennessee,2204,2201,2190,2160,2199,2207
162,47,000,11980,00000,00000,0,A,Cedar Hill city,Tennessee,304,304,303,301,302,304
162,47,000,12100,00000,00000,0,A,Celina city,Tennessee,1423,1423,1404,1389,1397,1424
162,47,000,12380,00000,00000,0,A,Centertown town,Tennessee,298,299,303,309,314,323
162,47,000,12420,00000,00000,0,A,Centerville town,Tennessee,3523,3525,3534,3528,3557,3561
162,47,000,12880,00000,00000,0,A,Chapel Hill town,Tennessee,1717,1725,1755,1798,1858,1897
162,47,000,13020,00000,00000,0,A,Charleston city,Tennessee,877,879,887,892,901,910
162,47,000,13080,00000,00000,0,A,Charlotte town,Tennessee,1658,1661,1563,1677,1716,1662
162,47,000,14000,00000,00000,0,A,Chattanooga city,Tennessee,181671,182271,181885,185030,188080,191496
162,47,000,14980,00000,00000,0,A,Church Hill city,Tennessee,7007,7003,7031,7090,7236,7310
162,47,000,15140,00000,00000,0,A,Clarksburg town,Tennessee,376,376,375,377,383,387
162,47,000,15160,00000,00000,0,A,Clarksville city,Tennessee,166755,167533,170862,177020,181142,185690
162,47,000,15400,00000,00000,0,A,Cleveland city,Tennessee,47799,47911,48084,48626,49328,50232
162,47,000,15480,00000,00000,0,A,Clifton city,Tennessee,2657,2656,2568,2528,2263,2124
162,47,000,15580,00000,00000,0,A,Clinton city,Tennessee,10049,10065,10058,10265,10356,10458
162,47,000,15920,00000,00000,0,A,Coalmont city,Tennessee,786,787,792,804,814,822
162,47,000,16300,00000,00000,0,A,Collegedale city,Tennessee,11102,11122,11238,11276,11489,11510
162,47,000,16420,00000,00000,0,A,Collierville town,Tennessee,51325,51332,51254,51461,51535,51951
162,47,000,16480,00000,00000,0,A,Collinwood city,Tennessee,897,896,906,900,902,903
162,47,000,16540,00000,00000,0,A,Columbia city,Tennessee,41615,41994,43452,45628,47311,48812
162,47,000,16920,00000,00000,0,A,Cookeville city,Tennessee,34825,34937,35538,36065,36706,37102
162,47,000,16980,00000,00000,0,A,Coopertown town,Tennessee,4477,4488,4598,4661,4700,4781
162,47,000,17000,00000,00000,0,A,Copperhill city,Tennessee,441,441,445,446,451,457
162,47,000,17180,00000,00000,0,A,Cornersville town,Tennessee,1234,1239,1263,1290,1333,1362
162,47,000,17340,00000,00000,0,A,Cottage Grove town,Tennessee,66,66,66,66,66,67
162,47,000,17680,00000,00000,0,A,Covington city,Tennessee,8671,8664,8561,8566,8551,8575
162,47,000,17700,00000,00000,0,A,Cowan city,Tennessee,1763,1766,1774,1778,1769,1816
162,47,000,17840,00000,00000,0,A,Crab Orchard city,Tennessee,717,718,720,724,730,731
162,47,000,18420,00000,00000,0,A,Cross Plains city,Tennessee,1783,1785,1835,1857,1899,1907
162,47,000,18540,00000,00000,0,A,Crossville city,Tennessee,12041,12081,12206,12431,12644,12785
162,47,000,18620,00000,00000,0,A,Crump city,Tennessee,907,906,911,921,929,933
162,47,000,18820,00000,00000,0,A,Cumberland City town,Tennessee,306,307,310,311,317,323
162,47,000,18880,00000,00000,0,A,Cumberland Gap town,Tennessee,314,314,324,319,308,313
162,47,000,19380,00000,00000,0,A,Dandridge town,Tennessee,3349,3359,3360,3498,3620,3841
162,47,000,19700,00000,00000,0,A,Dayton city,Tennessee,7420,7416,7465,7688,7721,7796
162,47,000,19880,00000,00000,0,A,Decatur town,Tennessee,1567,1573,1581,1586,1635,1652
162,47,000,19900,00000,00000,0,A,Decaturville town,Tennessee,805,804,799,804,813,816
162,47,000,19920,00000,00000,0,A,Decherd city,Tennessee,2378,2376,2380,2425,2452,2479
162,47,000,20620,00000,00000,0,A,Dickson city,Tennessee,16069,16068,16134,16351,16776,16878
162,47,000,21400,00000,00000,0,A,Dover city,Tennessee,1829,1836,1801,1815,1878,1893
162,47,000,21420,00000,00000,0,A,Dowelltown town,Tennessee,343,344,350,358,361,367
162,47,000,21500,00000,00000,0,A,Doyle town,Tennessee,495,497,501,511,524,531
162,47,000,21540,00000,00000,0,A,Dresden town,Tennessee,2996,2992,2934,2935,2938,2930
162,47,000,21740,00000,00000,0,A,Ducktown city,Tennessee,458,458,442,434,452,448
162,47,000,22000,00000,00000,0,A,Dunlap city,Tennessee,5349,5358,5553,5721,5809,5960
162,47,000,22180,00000,00000,0,A,Dyer city,Tennessee,2305,2306,2305,2309,2326,2328
162,47,000,22200,00000,00000,0,A,Dyersburg city,Tennessee,16162,16118,16013,15939,15930,15915
162,47,000,22360,00000,00000,0,A,Eagleville city,Tennessee,812,823,869,899,945,966
162,47,000,22720,00000,00000,0,A,East Ridge city,Tennessee,22169,22207,22089,21984,22028,21970
162,47,000,22920,00000,00000,0,A,Eastview town,Tennessee,767,767,766,768,771,768
162,47,000,23500,00000,00000,0,A,Elizabethton city,Tennessee,14543,14527,14225,14306,14324,14461
162,47,000,23660,00000,00000,0,A,Elkton city,Tennessee,542,541,540,535,534,530
162,47,000,24040,00000,00000,0,A,Englewood town,Tennessee,1478,1479,1496,1519,1554,1590
162,47,000,24240,00000,00000,0,A,Enville town,Tennessee,186,186,187,187,188,189
162,47,000,24320,00000,00000,0,A,Erin city,Tennessee,1228,1230,1231,1206,1196,1220
162,47,000,24360,00000,00000,0,A,Erwin town,Tennessee,6083,6065,5944,5922,6012,6020
162,47,000,24440,00000,00000,0,A,Estill Springs town,Tennessee,2697,2700,2698,2709,2703,2698
162,47,000,24460,00000,00000,0,A,Ethridge town,Tennessee,533,533,542,548,556,561
162,47,000,24480,00000,00000,0,A,Etowah city,Tennessee,3599,3600,3620,3644,3693,3742
162,47,000,25440,00000,00000,0,A,Fairview city,Tennessee,9392,9515,9736,10011,10273,10535
162,47,000,25760,00000,00000,0,A,Farragut town,Tennessee,23508,23570,24331,24675,25340,25242
162,47,000,25920,00000,00000,0,A,Fayetteville city,Tennessee,7077,7065,6989,7050,7054,7142
162,47,000,26160,00000,00000,0,A,Finger city,Tennessee,277,277,277,277,279,279
162,47,000,27020,00000,00000,0,A,Forest Hills city,Tennessee,5037,5018,4785,4644,4524,4455
162,47,000,27740,00000,00000,0,A,Franklin city,Tennessee,83548,84155,85972,87664,88816,89142
162,47,000,27960,00000,00000,0,A,Friendship city,Tennessee,610,611,615,610,614,614
162,47,000,28060,00000,00000,0,A,Friendsville city,Tennessee,893,893,900,900,910,920
162,47,000,28380,00000,00000,0,A,Gadsden town,Tennessee,476,475,478,475,476,476
162,47,000,28420,00000,00000,0,A,Gainesboro town,Tennessee,925,926,923,936,966,961
162,47,000,28540,00000,00000,0,A,Gallatin city,Tennessee,44453,44825,46726,48220,50413,52489
162,47,000,28560,00000,00000,0,A,Gallaway city,Tennessee,528,529,530,515,525,521
162,47,000,28680,00000,00000,0,A,Garland town,Tennessee,287,287,284,286,285,284
162,47,000,28740,00000,00000,0,A,Gates town,Tennessee,665,664,663,657,654,654
162,47,000,28800,00000,00000,0,A,Gatlinburg city,Tennessee,3574,3555,3697,3659,3720,3703
162,47,000,28960,00000,00000,0,A,Germantown city,Tennessee,41335,41263,40924,40653,40438,40128
162,47,000,29020,00000,00000,0,A,Gibson town,Tennessee,364,364,362,370,373,372
162,47,000,29160,00000,00000,0,A,Gilt Edge city,Tennessee,475,475,473,474,473,474
162,47,000,29300,00000,00000,0,A,Gleason town,Tennessee,1365,1364,1370,1370,1363,1363
162,47,000,29920,00000,00000,0,A,Goodlettsville city,Tennessee,17797,17812,17397,17826,17565,17433
162,47,000,30120,00000,00000,0,A,Gordonsville town,Tennessee,1365,1369,1377,1384,1380,1387
162,47,000,30280,00000,00000,0,A,Grand Junction city,Tennessee,339,338,338,335,333,330
162,47,000,30760,00000,00000,0,A,Graysville town,Tennessee,1475,1473,1482,1494,1495,1508
162,47,000,30880,00000,00000,0,A,Greenback city,Tennessee,1101,1107,1141,1154,1197,1224
162,47,000,30960,00000,00000,0,A,Greenbrier town,Tennessee,6945,6957,6984,6960,6955,7039
162,47,000,30980,00000,00000,0,A,Greeneville town,Tennessee,15486,15510,15430,15526,15750,15979
162,47,000,31000,00000,00000,0,A,Greenfield city,Tennessee,2025,2024,2029,2024,2008,2017
162,47,000,31490,00000,00000,0,A,Gruetli-Laager city,Tennessee,1735,1736,1740,1762,1777,1789
162,47,000,31680,00000,00000,0,A,Guys town,Tennessee,414,414,413,416,418,416
162,47,000,31820,00000,00000,0,A,Halls town,Tennessee,2088,2084,2077,2053,2044,2033
162,47,000,32520,00000,00000,0,A,Harriman city,Tennessee,5943,5954,6002,6088,6173,6216
162,47,000,32640,00000,00000,0,A,Harrogate city,Tennessee,4392,4392,4209,4372,4409,4438
162,47,000,32742,00000,00000,0,A,Hartsville/Trousdale County,Tennessee,11609,11634,11607,12085,12301,12159
162,47,000,33260,00000,00000,0,A,Henderson city,Tennessee,6320,6336,6354,6415,6458,6519
162,47,000,33280,00000,00000,0,A,Hendersonville city,Tennessee,61786,62119,62446,63064,63755,63947
162,47,000,33360,00000,00000,0,A,Henning town,Tennessee,876,877,882,878,879,877
162,47,000,33400,00000,00000,0,A,Henry town,Tennessee,443,442,445,446,447,452
162,47,000,33920,00000,00000,0,A,Hickory Valley town,Tennessee,79,79,79,78,80,79
162,47,000,35160,00000,00000,0,A,Hohenwald city,Tennessee,3670,3708,3797,3845,3924,4136
162,47,000,35280,00000,00000,0,A,Hollow Rock town,Tennessee,683,683,683,686,698,702
162,47,000,36000,00000,00000,0,A,Hornbeak town,Tennessee,509,509,506,506,507,505
162,47,000,36080,00000,00000,0,A,Hornsby town,Tennessee,260,260,259,260,259,257
162,47,000,36460,00000,00000,0,A,Humboldt city,Tennessee,7881,7876,7832,7858,7856,7852
162,47,000,36580,00000,00000,0,A,Huntingdon town,Tennessee,4443,4439,4343,4403,4512,4502
162,47,000,36600,00000,00000,0,A,Huntland town,Tennessee,886,885,891,899,891,890
162,47,000,36640,00000,00000,0,A,Huntsville town,Tennessee,1739,1740,1709,1730,1733,1741
162,47,000,37600,00000,00000,0,A,Jacksboro town,Tennessee,2304,2299,2154,2206,2278,2248
162,47,000,37640,00000,00000,0,A,Jackson city,Tennessee,68214,68200,67881,68365,68391,69303
162,47,000,37780,00000,00000,0,A,Jamestown city,Tennessee,2016,2020,2017,2032,2077,2102
162,47,000,37820,00000,00000,0,A,Jasper town,Tennessee,3613,3616,3606,3604,3627,3655
162,47,000,37960,00000,00000,0,A,Jefferson City city,Tennessee,8391,8404,8361,8413,8754,9013
162,47,000,38020,00000,00000,0,A,Jellico city,Tennessee,2156,2151,2145,2127,2135,2122
162,47,000,38320,00000,00000,0,A,Johnson City city,Tennessee,71060,71121,71145,72616,73447,73635
162,47,000,38540,00000,00000,0,A,Jonesborough town,Tennessee,5871,5916,5856,6152,6488,6746
162,47,000,39140,00000,00000,0,A,Kenton town,Tennessee,1281,1280,1269,1258,1258,1250
162,47,000,39400,00000,00000,0,A,Kimball town,Tennessee,1547,1552,1569,1584,1608,1638
162,47,000,39560,00000,00000,0,A,Kingsport city,Tennessee,55535,55510,55697,56207,56761,57109
162,47,000,39620,00000,00000,0,A,Kingston city,Tennessee,6096,6109,6076,6221,6349,6340
162,47,000,39660,00000,00000,0,A,Kingston Springs town,Tennessee,2819,2813,2804,2769,2780,2769
162,47,000,40000,00000,00000,0,A,Knoxville city,Tennessee,190674,191227,192158,196210,197463,198722
162,47,000,40160,00000,00000,0,A,Lafayette city,Tennessee,5598,5587,5577,5705,5842,5919
162,47,000,40180,00000,00000,0,A,La Follette city,Tennessee,7433,7411,7326,7175,7241,7194
162,47,000,40200,00000,00000,0,A,La Grange town,Tennessee,124,124,125,121,120,120
162,47,000,40350,00000,00000,0,A,Lakeland city,Tennessee,13924,14027,14152,14206,14206,14416
162,47,000,40540,00000,00000,0,A,Lakesite city,Tennessee,1856,1865,1911,1932,1957,1949
162,47,000,41200,00000,00000,0,A,La Vergne city,Tennessee,38709,38705,39626,40366,41051,41430
162,47,000,41340,00000,00000,0,A,Lawrenceburg city,Tennessee,11635,11636,11672,11837,11976,12112
162,47,000,41520,00000,00000,0,A,Lebanon city,Tennessee,38486,38894,41019,44276,48290,51501
162,47,000,41760,00000,00000,0,A,Lenoir City city,Tennessee,10109,10126,10368,11285,11736,12041
162,47,000,41860,00000,00000,0,A,Lewisburg city,Tennessee,12295,12346,12525,12789,13158,13473
162,47,000,41980,00000,00000,0,A,Lexington city,Tennessee,7953,7951,7923,7916,7985,8037
162,47,000,42040,00000,00000,0,A,Liberty town,Tennessee,332,333,337,340,342,345
162,47,000,42720,00000,00000,0,A,Linden town,Tennessee,1001,1003,1027,1059,1102,1123
162,47,000,43140,00000,00000,0,A,Livingston town,Tennessee,3903,3920,3935,3969,4046,4100
162,47,000,43160,00000,00000,0,A,Lobelville city,Tennessee,924,923,934,952,973,978
162,47,000,43640,00000,00000,0,A,Lookout Mountain town,Tennessee,2067,2068,2060,2048,2052,2038
162,47,000,43700,00000,00000,0,A,Loretto city,Tennessee,1736,1737,1761,1783,1800,1813
162,47,000,43780,00000,00000,0,A,Loudon city,Tennessee,5990,6022,6271,6319,6649,6942
162,47,000,43820,00000,00000,0,A,Louisville city,Tennessee,4386,4387,4383,4397,4352,4334
162,47,000,44300,00000,00000,0,A,Luttrell town,Tennessee,1016,1018,1029,1053,1066,1086
162,47,000,44382,00000,00000,0,A,"Lynchburg, Moore County metropolitan government",Tennessee,6463,6466,6644,6715,6774,6773
162,47,000,44420,00000,00000,0,A,Lynnville town,Tennessee,292,294,299,307,314,321
162,47,000,44840,00000,00000,0,A,McEwen city,Tennessee,1648,1652,1680,1694,1726,1762
162,47,000,44940,00000,00000,0,A,McKenzie city,Tennessee,5520,5514,5489,5495,5581,5603
162,47,000,45000,00000,00000,0,A,McLemoresville town,Tennessee,290,290,289,288,292,292
162,47,000,45100,00000,00000,0,A,McMinnville city,Tennessee,13788,13806,13808,13770,13798,14032
162,47,000,45320,00000,00000,0,A,Madisonville city,Tennessee,5130,5141,5124,5249,5315,5395
162,47,000,45500,00000,00000,0,A,Manchester city,Tennessee,12211,12267,12695,13041,13237,13484
162,47,000,46240,00000,00000,0,A,Martin city,Tennessee,10831,10829,10776,10912,11013,10989
162,47,000,46380,00000,00000,0,A,Maryville city,Tennessee,31920,32012,32319,32692,32442,32373
162,47,000,46420,00000,00000,0,A,Mason town,Tennessee,1349,1348,1359,1336,1357,1343
162,47,000,46540,00000,00000,0,A,Maury City town,Tennessee,592,591,596,591,596,595
162,47,000,46700,00000,00000,0,A,Maynardville city,Tennessee,2461,2471,2453,2539,2582,2598
162,47,000,47000,00000,00000,0,A,Medina city,Tennessee,5128,5157,5251,5400,5534,5681
162,47,000,47020,00000,00000,0,A,Medon city,Tennessee,189,189,190,192,194,194
162,47,000,48000,00000,00000,0,A,Memphis city,Tennessee,628546,628388,622541,618468,614587,610919
162,47,000,48180,00000,00000,0,A,Michie town,Tennessee,654,654,655,657,661,659
162,47,000,48340,00000,00000,0,A,Middleton city,Tennessee,658,657,675,696,719,737
162,47,000,48660,00000,00000,0,A,Milan city,Tennessee,8177,8176,8156,8259,8307,8306
162,47,000,48920,00000,00000,0,A,Milledgeville town,Tennessee,271,271,271,271,275,275
162,47,000,48980,00000,00000,0,A,Millersville city,Tennessee,6300,6313,6290,6272,6327,6427
162,47,000,49060,00000,00000,0,A,Millington city,Tennessee,10580,10581,11375,11493,11505,11486
162,47,000,49360,00000,00000,0,A,Minor Hill city,Tennessee,504,505,508,511,515,520
162,47,000,49460,00000,00000,0,A,Mitchellville city,Tennessee,161,161,160,159,159,160
162,47,000,49740,00000,00000,0,A,Monteagle town,Tennessee,1386,1385,1383,1384,1404,1440
162,47,000,49760,00000,00000,0,A,Monterey town,Tennessee,2748,2749,2745,2756,2755,2796
162,47,000,50220,00000,00000,0,A,Morrison town,Tennessee,729,732,742,757,772,790
162,47,000,50280,00000,00000,0,A,Morristown city,Tennessee,30446,30479,30549,31466,32222,32994
162,47,000,50300,00000,00000,0,A,Moscow city,Tennessee,568,567,562,561,561,555
162,47,000,50320,00000,00000,0,A,Mosheim town,Tennessee,2482,2488,2494,2506,2542,2560
162,47,000,50400,00000,00000,0,A,Mountain City town,Tennessee,2412,2417,2393,2382,2463,2486
162,47,000,50580,00000,00000,0,A,Mount Carmel town,Tennessee,5432,5424,5449,5489,5518,5549
162,47,000,50780,00000,00000,0,A,Mount Juliet city,Tennessee,39312,39690,40814,42681,43090,44066
162,47,000,51080,00000,00000,0,A,Mount Pleasant city,Tennessee,4785,4805,4845,4809,4829,4871
162,47,000,51540,00000,00000,0,A,Munford city,Tennessee,6299,6318,6402,6596,6732,6896
162,47,000,51560,00000,00000,0,A,Murfreesboro city,Tennessee,152835,153816,156473,162595,166023,168387
162,47,000,52006,00000,00000,0,F,Nashville-Davidson metropolitan government (balance),Tennessee,689451,689726,675671,685903,694294,704963
162,47,000,52400,00000,00000,0,A,Newbern town,Tennessee,3343,3330,3312,3272,3264,3247
162,47,000,52780,00000,00000,0,A,New Hope city,Tennessee,989,988,978,968,962,973
162,47,000,52820,00000,00000,0,A,New Johnsonville city,Tennessee,1806,1806,1819,1807,1819,1840
162,47,000,52940,00000,00000,0,A,New Market town,Tennessee,1362,1364,1376,1397,1405,1416
162,47,000,53000,00000,00000,0,A,Newport city,Tennessee,6850,6854,6815,6872,6930,6954
162,47,000,53140,00000,00000,0,A,New Tazewell town,Tennessee,2776,2777,2782,2788,2810,2824
162,47,000,53380,00000,00000,0,A,Niota city,Tennessee,766,767,778,794,805,821
162,47,000,53460,00000,00000,0,A,Nolensville town,Tennessee,13829,14054,14807,15250,15482,15809
162,47,000,53580,00000,00000,0,A,Normandy town,Tennessee,107,107,107,107,107,105
162,47,000,53600,00000,00000,0,A,Norris city,Tennessee,1599,1601,1586,1601,1619,1623
162,47,000,54280,00000,00000,0,A,Oakdale town,Tennessee,191,191,193,194,197,199
162,47,000,54780,00000,00000,0,A,Oak Hill city,Tennessee,4885,4874,4678,4578,4503,4485
162,47,000,54920,00000,00000,0,A,Oakland town,Tennessee,8960,9048,9526,10035,10486,10769
162,47,000,55120,00000,00000,0,A,Oak Ridge city,Tennessee,31406,31461,31864,32655,33450,34039
162,47,000,55240,00000,00000,0,A,Obion town,Tennessee,994,994,982,976,975,968
162,47,000,55800,00000,00000,0,A,Oliver Springs town,Tennessee,3299,3306,3311,3358,3403,3433
162,47,000,55860,00000,00000,0,A,Oneida town,Tennessee,3788,3792,3790,3805,3835,3875
162,47,000,56020,00000,00000,0,A,Orlinda city,Tennessee,946,947,962,979,991,1005
162,47,000,56040,00000,00000,0,A,Orme town,Tennessee,88,88,87,86,86,85
162,47,000,56560,00000,00000,0,A,Palmer town,Tennessee,556,556,560,569,577,581
162,47,000,56720,00000,00000,0,A,Paris city,Tennessee,10307,10288,10286,10303,10306,10517
162,47,000,56870,00000,00000,0,A,Parker's Crossroads city,Tennessee,284,284,286,285,284,284
162,47,000,57040,00000,00000,0,A,Parrottsville town,Tennessee,216,216,220,221,224,227
162,47,000,57080,00000,00000,0,A,Parsons city,Tennessee,2099,2098,2082,2096,2125,2159
162,47,000,57480,00000,00000,0,A,Pegram town,Tennessee,2071,2064,2067,2045,2037,2038
162,47,000,57740,00000,00000,0,A,Petersburg town,Tennessee,527,527,533,541,550,559
162,47,000,57900,00000,00000,0,A,Philadelphia city,Tennessee,607,610,629,639,665,682
162,47,000,58080,00000,00000,0,A,Pigeon Forge city,Tennessee,6406,6402,6355,6220,6389,6446
162,47,000,58120,00000,00000,0,A,Pikeville city,Tennessee,1822,1826,1833,1818,1838,1879
162,47,000,58840,00000,00000,0,A,Piperton city,Tennessee,2264,2303,2493,2602,2683,2766
162,47,000,58940,00000,00000,0,A,Pittman Center town,Tennessee,459,459,464,463,463,464
162,47,000,59020,00000,00000,0,A,Plainview city,Tennessee,2059,2065,2095,2149,2181,2226
162,47,000,59240,00000,00000,0,A,Pleasant Hill town,Tennessee,543,543,538,553,549,551
162,47,000,59560,00000,00000,0,A,Pleasant View city,Tennessee,4820,4872,5109,5277,5482,5629
162,47,000,60280,00000,00000,0,A,Portland city,Tennessee,13136,13213,13362,13542,13636,13651
162,47,000,60500,00000,00000,0,A,Powells Crossroads town,Tennessee,1297,1296,1290,1273,1280,1294
162,47,000,61040,00000,00000,0,A,Pulaski city,Tennessee,8396,8381,8246,8268,8302,8241
162,47,000,61160,00000,00000,0,A,Puryear city,Tennessee,707,705,711,711,711,715
162,47,000,61520,00000,00000,0,A,Ramer city,Tennessee,327,327,327,327,327,325
162,47,000,61960,00000,00000,0,A,Red Bank city,Tennessee,11899,11926,11971,11982,12089,12073
162,47,000,62000,00000,00000,0,A,Red Boiling Springs city,Tennessee,1210,1208,1206,1204,1220,1214
162,47,000,63060,00000,00000,0,A,Ridgely town,Tennessee,1688,1683,1721,1665,1633,1666
162,47,000,63080,00000,00000,0,A,Ridgeside city,Tennessee,447,447,448,449,448,444
162,47,000,63140,00000,00000,0,A,Ridgetop city,Tennessee,2106,2105,2096,2095,2133,2143
162,47,000,63340,00000,00000,0,A,Ripley city,Tennessee,7806,7795,7755,7629,7615,7546
162,47,000,63800,00000,00000,0,A,Rives town,Tennessee,247,247,245,246,246,246
162,47,000,64160,00000,00000,0,A,Rockford city,Tennessee,845,845,843,846,840,841
162,47,000,64440,00000,00000,0,A,Rockwood city,Tennessee,5438,5444,5481,5565,5630,5684
162,47,000,64668,00000,00000,0,A,Rocky Top city,Tennessee,1625,1628,1616,1626,1637,1664
162,47,000,64820,00000,00000,0,A,Rogersville town,Tennessee,4670,4663,4614,4601,4634,4720
162,47,000,65240,00000,00000,0,A,Rossville town,Tennessee,1047,1060,1105,1127,1168,1183
162,47,000,65760,00000,00000,0,A,Rutherford town,Tennessee,1159,1158,1150,1147,1145,1149
162,47,000,65820,00000,00000,0,A,Rutledge town,Tennessee,1326,1327,1325,1265,1334,1348
162,47,000,66160,00000,00000,0,A,St. Joseph city,Tennessee,790,790,800,810,817,820
162,47,000,66340,00000,00000,0,A,Saltillo town,Tennessee,422,421,423,426,429,430
162,47,000,66360,00000,00000,0,A,Samburg town,Tennessee,207,207,205,198,200,198
162,47,000,66660,00000,00000,0,A,Sardis town,Tennessee,413,413,416,415,418,420
162,47,000,66680,00000,00000,0,A,Saulsbury town,Tennessee,109,109,110,110,109,108
162,47,000,66720,00000,00000,0,A,Savannah city,Tennessee,7363,7358,7299,7388,7470,7565
162,47,000,66880,00000,00000,0,A,Scotts Hill town,Tennessee,869,868,871,877,886,891
162,47,000,66940,00000,00000,0,A,Selmer town,Tennessee,4470,4469,4454,4468,4481,4590
162,47,000,67120,00000,00000,0,A,Sevierville city,Tennessee,18179,18462,18564,18275,18473,18231
162,47,000,67540,00000,00000,0,A,Sharon town,Tennessee,925,925,924,923,914,914
162,47,000,67760,00000,00000,0,A,Shelbyville city,Tennessee,23582,23652,24069,24555,25282,25792
162,47,000,68540,00000,00000,0,A,Signal Mountain town,Tennessee,8848,8854,8849,8863,8898,8877
162,47,000,68560,00000,00000,0,A,Silerton town,Tennessee,99,99,99,98,98,97
162,47,000,69080,00000,00000,0,A,Slayden town,Tennessee,174,174,179,178,180,182
162,47,000,69320,00000,00000,0,A,Smithville city,Tennessee,5009,5044,5138,5304,5420,5546
162,47,000,69420,00000,00000,0,A,Smyrna town,Tennessee,53106,53515,55455,56596,57639,60302
162,47,000,69460,00000,00000,0,A,Sneedville town,Tennessee,1278,1272,1294,1309,1355,1344
162,47,000,69560,00000,00000,0,A,Soddy-Daisy city,Tennessee,13069,13052,13150,13206,13327,13430
162,47,000,69620,00000,00000,0,A,Somerville town,Tennessee,3425,3427,3432,3412,3519,3523
162,47,000,69680,00000,00000,0,A,South Carthage town,Tennessee,1483,1486,1528,1546,1575,1584
162,47,000,69900,00000,00000,0,A,South Fulton city,Tennessee,2241,2238,2215,2199,2196,2177
162,47,000,70060,00000,00000,0,A,South Pittsburg city,Tennessee,3094,3089,3054,3004,2975,2969
162,47,000,70180,00000,00000,0,A,Sparta city,Tennessee,5013,5021,4876,4878,4933,4989
162,47,000,70240,00000,00000,0,A,Spencer city,Tennessee,1462,1463,1493,1525,1558,1590
162,47,000,70400,00000,00000,0,A,Spring City town,Tennessee,1947,1944,1931,1935,1953,1996
162,47,000,70500,00000,00000,0,A,Springfield city,Tennessee,18786,18809,18936,19172,19515,19842
162,47,000,70580,00000,00000,0,A,Spring Hill city,Tennessee,50687,51313,54199,56118,57749,59398
162,47,000,70820,00000,00000,0,A,Stanton town,Tennessee,420,419,419,419,416,415
162,47,000,70840,00000,00000,0,A,Stantonville town,Tennessee,335,335,337,340,341,342
162,47,000,72140,00000,00000,0,A,Sunbright city,Tennessee,523,523,528,532,538,543
162,47,000,72380,00000,00000,0,A,Surgoinsville town,Tennessee,1879,1879,1891,1905,1915,1930
162,47,000,72540,00000,00000,0,A,Sweetwater city,Tennessee,6423,6437,6416,6512,6630,6676
162,47,000,73120,00000,00000,0,A,Tazewell town,Tennessee,2346,2346,2345,2340,2359,2380
162,47,000,73260,00000,00000,0,A,Tellico Plains town,Tennessee,762,763,760,770,776,781
162,47,000,73460,00000,00000,0,A,Tennessee Ridge town,Tennessee,1323,1326,1326,1318,1342,1361
162,47,000,73900,00000,00000,0,A,Thompson's Station town,Tennessee,7438,7551,7932,8287,8620,9081
162,47,000,74100,00000,00000,0,A,Three Way city,Tennessee,1890,1890,1895,1907,1910,1922
162,47,000,74540,00000,00000,0,A,Tiptonville town,Tennessee,3975,3968,3496,3499,3460,3425
162,47,000,74640,00000,00000,0,A,Toone town,Tennessee,267,266,266,267,266,265
162,47,000,74860,00000,00000,0,A,Townsend city,Tennessee,548,553,573,600,613,628
162,47,000,74880,00000,00000,0,A,Tracy City town,Tennessee,1405,1406,1409,1424,1437,1446
162,47,000,75000,00000,00000,0,A,Trenton city,Tennessee,4238,4235,4163,4147,4101,4111
162,47,000,75100,00000,00000,0,A,Trezevant town,Tennessee,794,794,792,797,809,813
162,47,000,75160,00000,00000,0,A,Trimble town,Tennessee,546,544,542,535,534,532
162,47,000,75240,00000,00000,0,A,Troy town,Tennessee,1411,1410,1401,1404,1410,1407
162,47,000,75320,00000,00000,0,A,Tullahoma city,Tennessee,20345,20401,20665,20778,20954,21035
162,47,000,75560,00000,00000,0,A,Tusculum city,Tennessee,3298,3299,3290,3329,3362,3394
162,47,000,75820,00000,00000,0,A,Unicoi town,Tennessee,3816,3810,3775,3783,3824,3845
162,47,000,75940,00000,00000,0,A,Union City city,Tennessee,11173,11162,11008,10972,10950,10876
162,47,000,76860,00000,00000,0,A,Vanleer town,Tennessee,568,570,580,582,588,597
162,47,000,77400,00000,00000,0,A,Viola town,Tennessee,103,103,104,107,110,112
162,47,000,77480,00000,00000,0,A,Vonore town,Tennessee,1573,1579,1585,1626,1659,1684
162,47,000,77540,00000,00000,0,A,Walden town,Tennessee,1980,1984,1981,1977,1983,1974
162,47,000,78100,00000,00000,0,A,Wartburg city,Tennessee,912,912,898,907,941,944
162,47,000,78120,00000,00000,0,A,Wartrace town,Tennessee,654,660,662,662,671,670
162,47,000,78240,00000,00000,0,A,Watauga city,Tennessee,352,352,353,358,362,367
162,47,000,78320,00000,00000,0,A,Watertown city,Tennessee,1552,1555,1555,1596,1613,1642
162,47,000,78560,00000,00000,0,A,Waverly city,Tennessee,4301,4300,4325,4209,4300,4381
162,47,000,78600,00000,00000,0,A,Waynesboro city,Tennessee,2317,2314,2332,2318,2314,2311
162,47,000,79420,00000,00000,0,A,Westmoreland town,Tennessee,2813,2817,2827,2847,2879,2885
162,47,000,79980,00000,00000,0,A,White Bluff town,Tennessee,3862,3872,3967,4006,4166,4386
162,47,000,80200,00000,00000,0,A,White House city,Tennessee,13031,13106,13683,14515,15373,16463
162,47,000,80360,00000,00000,0,A,White Pine town,Tennessee,2477,2545,2560,2579,2574,2584
162,47,000,80540,00000,00000,0,A,Whiteville town,Tennessee,4580,4578,4387,4563,4580,4564
162,47,000,80620,00000,00000,0,A,Whitwell city,Tennessee,1650,1648,1638,1626,1621,1616
162,47,000,81020,00000,00000,0,A,Williston city,Tennessee,352,351,348,343,340,337
162,47,000,81080,00000,00000,0,A,Winchester city,Tennessee,9372,9409,9501,9841,9997,10251
162,47,000,81280,00000,00000,0,A,Winfield town,Tennessee,965,966,968,971,1007,1020
162,47,000,81560,00000,00000,0,A,Woodbury town,Tennessee,2701,2721,2683,2796,2844,2831
162,47,000,81700,00000,00000,0,A,Woodland Mills city,Tennessee,343,343,340,338,338,338
162,47,000,82360,00000,00000,0,A,Yorkville city,Tennessee,235,235,234,231,232,231
170,47,000,00000,00000,52004,0,A,Nashville-Davidson metropolitan government,Tennessee,715884,716095,700966,711280,719092,729505
172,47,000,04620,00000,52004,0,A,Belle Meade city,Tennessee,2908,2895,2752,2685,2623,2590
172,47,000,05140,00000,52004,0,A,Berry Hill city,Tennessee,2112,2099,1988,1918,1861,1838
172,47,000,27020,00000,52004,0,A,Forest Hills city,Tennessee,5037,5018,4785,4644,4524,4455
172,47,000,29920,00000,52004,0,A,Goodlettsville city,Tennessee,11431,11423,11033,11493,11226,11112
172,47,000,52006,00000,52004,0,F,Nashville-Davidson metropolitan government (balance),Tennessee,689451,689726,675671,685903,694294,704963
172,47,000,54780,00000,52004,0,A,Oak Hill city,Tennessee,4885,4874,4678,4578,4503,4485
172,47,000,63140,00000,52004,0,A,Ridgetop city,Tennessee,60,60,59,59,61,62
050,47,001,00000,00000,00000,0,A,Anderson County,Tennessee,77154,77327,77632,79016,80343,81449
157,47,001,15580,00000,00000,1,A,Clinton city,Tennessee,10049,10065,10058,10265,10356,10458
157,47,001,53600,00000,00000,1,A,Norris city,Tennessee,1599,1601,1586,1601,1619,1623
157,47,001,55120,00000,00000,1,A,Oak Ridge city (pt.),Tennessee,27756,27803,28118,28792,29477,29989
157,47,001,55800,00000,00000,1,A,Oliver Springs town (pt.),Tennessee,2348,2354,2352,2383,2415,2437
157,47,001,64668,00000,00000,1,A,Rocky Top city (pt.),Tennessee,1577,1580,1568,1579,1590,1617
157,47,001,99990,00000,00000,1,S,Balance of Anderson County,Tennessee,33825,33924,33950,34396,34886,35325
050,47,003,00000,00000,00000,0,A,Bedford County,Tennessee,50246,50396,51201,52088,53274,54228
157,47,003,04460,00000,00000,1,A,Bell Buckle town,Tennessee,414,414,419,420,423,423
157,47,003,53580,00000,00000,1,A,Normandy town,Tennessee,107,107,107,107,107,105
157,47,003,67760,00000,00000,1,A,Shelbyville city,Tennessee,23582,23652,24069,24555,25282,25792
157,47,003,78120,00000,00000,1,A,Wartrace town,Tennessee,654,660,662,662,671,670
157,47,003,99990,00000,00000,1,S,Balance of Bedford County,Tennessee,25489,25563,25944,26344,26791,27238
050,47,005,00000,00000,00000,0,A,Benton County,Tennessee,15865,15853,15836,16001,16167,16173
157,47,005,05860,00000,00000,1,A,Big Sandy town,Tennessee,487,486,487,492,496,497
157,47,005,10560,00000,00000,1,A,Camden city,Tennessee,3677,3677,3636,3655,3702,3692
157,47,005,99990,00000,00000,1,S,Balance of Benton County,Tennessee,11701,11690,11713,11854,11969,11984
050,47,007,00000,00000,00000,0,A,Bledsoe County,Tennessee,14916,14955,14839,14769,15008,15591
157,47,007,58120,00000,00000,1,A,Pikeville city,Tennessee,1822,1826,1833,1818,1838,1879
157,47,007,99990,00000,00000,1,F,Balance of Bledsoe County,Tennessee,13094,13129,13006,12951,13170,13712
050,47,009,00000,00000,00000,0,A,Blount County,Tennessee,135284,135656,137624,139789,141384,142211
157,47,009,00540,00000,00000,1,A,Alcoa city,Tennessee,10987,10990,11522,11708,13364,13588
157,47,009,28060,00000,00000,1,A,Friendsville city,Tennessee,893,893,900,900,910,920
157,47,009,43820,00000,00000,1,A,Louisville city,Tennessee,4386,4387,4383,4397,4352,4334
157,47,009,46380,00000,00000,1,A,Maryville city,Tennessee,31920,32012,32319,32692,32442,32373
157,47,009,64160,00000,00000,1,A,Rockford city,Tennessee,845,845,843,846,840,841
157,47,009,74860,00000,00000,1,A,Townsend city,Tennessee,548,553,573,600,613,628
157,47,009,77480,00000,00000,1,A,Vonore town (pt.),Tennessee,0,0,0,0,0,0
157,47,009,99990,00000,00000,1,S,Balance of Blount County,Tennessee,85705,85976,87084,88646,88863,89527
050,47,011,00000,00000,00000,0,A,Bradley County,Tennessee,108620,108831,109766,110814,112132,113782
157,47,011,13020,00000,00000,1,A,Charleston city,Tennessee,877,879,887,892,901,910
157,47,011,15400,00000,00000,1,A,Cleveland city,Tennessee,47799,47911,48084,48626,49328,50232
157,47,011,99990,00000,00000,1,S,Balance of Bradley County,Tennessee,59944,60041,60795,61296,61903,62640
050,47,013,00000,00000,00000,0,A,Campbell County,Tennessee,39278,39306,39457,39578,40225,40238
157,47,013,11360,00000,00000,1,A,Caryville town,Tennessee,2204,2201,2190,2160,2199,2207
157,47,013,37600,00000,00000,1,A,Jacksboro town,Tennessee,2304,2299,2154,2206,2278,2248
157,47,013,38020,00000,00000,1,A,Jellico city,Tennessee,2156,2151,2145,2127,2135,2122
157,47,013,40180,00000,00000,1,A,La Follette city,Tennessee,7433,7411,7326,7175,7241,7194
157,47,013,64668,00000,00000,1,A,Rocky Top city (pt.),Tennessee,48,48,48,47,47,47
157,47,013,99990,00000,00000,1,S,Balance of Campbell County,Tennessee,25133,25196,25594,25863,26325,26420
050,47,015,00000,00000,00000,0,A,Cannon County,Tennessee,14503,14561,14537,14797,15051,15142
157,47,015,02400,00000,00000,1,A,Auburntown town,Tennessee,274,275,275,276,282,284
157,47,015,81560,00000,00000,1,A,Woodbury town,Tennessee,2701,2721,2683,2796,2844,2831
157,47,015,99990,00000,00000,1,F,Balance of Cannon County,Tennessee,11528,11565,11579,11725,11925,12027
050,47,017,00000,00000,00000,0,A,Carroll County,Tennessee,28436,28428,28291,28431,28950,29107
157,47,017,02380,00000,00000,1,A,Atwood town,Tennessee,943,943,943,945,962,967
157,47,017,08960,00000,00000,1,A,Bruceton town,Tennessee,1507,1506,1489,1480,1505,1520
157,47,017,15140,00000,00000,1,A,Clarksburg town,Tennessee,376,376,375,377,383,387
157,47,017,35280,00000,00000,1,A,Hollow Rock town,Tennessee,683,683,683,686,698,702
157,47,017,36580,00000,00000,1,A,Huntingdon town,Tennessee,4443,4439,4343,4403,4512,4502
157,47,017,44940,00000,00000,1,A,McKenzie city (pt.),Tennessee,5254,5248,5223,5229,5317,5339
157,47,017,45000,00000,00000,1,A,McLemoresville town,Tennessee,290,290,289,288,292,292
157,47,017,75100,00000,00000,1,A,Trezevant town,Tennessee,794,794,792,797,809,813
157,47,017,99990,00000,00000,1,S,Balance of Carroll County,Tennessee,14146,14149,14154,14226,14472,14585
050,47,019,00000,00000,00000,0,A,Carter County,Tennessee,56363,56386,56095,56531,57112,57434
157,47,019,23500,00000,00000,1,A,Elizabethton city,Tennessee,14543,14527,14225,14306,14324,14461
157,47,019,38320,00000,00000,1,A,Johnson City city (pt.),Tennessee,1328,1329,1340,1349,1366,1376
157,47,019,78240,00000,00000,1,A,Watauga city (pt.),Tennessee,352,352,353,358,362,367
157,47,019,99990,00000,00000,1,S,Balance of Carter County,Tennessee,40140,40178,40177,40518,41060,41230
050,47,021,00000,00000,00000,0,A,Cheatham County,Tennessee,41021,41090,41460,41742,42247,42604
157,47,021,02180,00000,00000,1,A,Ashland City town,Tennessee,5191,5186,5178,5505,5593,5689
157,47,021,39660,00000,00000,1,A,Kingston Springs town,Tennessee,2819,2813,2804,2769,2780,2769
157,47,021,57480,00000,00000,1,A,Pegram town,Tennessee,2071,2064,2067,2045,2037,2038
157,47,021,59560,00000,00000,1,A,Pleasant View city,Tennessee,4820,4872,5109,5277,5482,5629
157,47,021,99990,00000,00000,1,F,Balance of Cheatham County,Tennessee,26120,26155,26302,26146,26355,26479
050,47,023,00000,00000,00000,0,A,Chester County,Tennessee,17352,17385,17475,17599,17722,17876
157,47,023,24240,00000,00000,1,A,Enville town (pt.),Tennessee,180,180,181,181,182,183
157,47,023,33260,00000,00000,1,A,Henderson city,Tennessee,6320,6336,6354,6415,6458,6519
157,47,023,48920,00000,00000,1,A,Milledgeville town (pt.),Tennessee,74,74,74,74,76,77
157,47,023,68560,00000,00000,1,A,Silerton town (pt.),Tennessee,2,2,2,2,2,2
157,47,023,99990,00000,00000,1,S,Balance of Chester County,Tennessee,10776,10793,10864,10927,11004,11095
050,47,025,00000,00000,00000,0,A,Claiborne County,Tennessee,32037,32066,32055,32400,32738,33070
157,47,025,18880,00000,00000,1,A,Cumberland Gap town,Tennessee,314,314,324,319,308,313
157,47,025,32640,00000,00000,1,A,Harrogate city,Tennessee,4392,4392,4209,4372,4409,4438
157,47,025,53140,00000,00000,1,A,New Tazewell town,Tennessee,2776,2777,2782,2788,2810,2824
157,47,025,73120,00000,00000,1,A,Tazewell town,Tennessee,2346,2346,2345,2340,2359,2380
157,47,025,99990,00000,00000,1,F,Balance of Claiborne County,Tennessee,22209,22237,22395,22581,22852,23115
050,47,027,00000,00000,00000,0,A,Clay County,Tennessee,7585,7594,7591,7635,7672,7857
157,47,027,12100,00000,00000,1,A,Celina city,Tennessee,1423,1423,1404,1389,1397,1424
157,47,027,99990,00000,00000,1,F,Balance of Clay County,Tennessee,6162,6171,6187,6246,6275,6433
050,47,029,00000,00000,00000,0,A,Cocke County,Tennessee,35997,36043,36367,36786,37272,37596
157,47,029,53000,00000,00000,1,A,Newport city,Tennessee,6850,6854,6815,6872,6930,6954
157,47,029,57040,00000,00000,1,A,Parrottsville town,Tennessee,216,216,220,221,224,227
157,47,029,99990,00000,00000,1,S,Balance of Cocke County,Tennessee,28931,28973,29332,29693,30118,30415
050,47,031,00000,00000,00000,0,A,Coffee County,Tennessee,57889,58145,58986,59663,60472,61285
157,47,031,45500,00000,00000,1,A,Manchester city,Tennessee,12211,12267,12695,13041,13237,13484
157,47,031,75320,00000,00000,1,A,Tullahoma city (pt.),Tennessee,18859,18913,19173,19284,19466,19553
157,47,031,99990,00000,00000,1,S,Balance of Coffee County,Tennessee,26819,26965,27118,27338,27769,28248
050,47,033,00000,00000,00000,0,A,Crockett County,Tennessee,13908,13905,13988,13862,13991,13973
157,47,033,00440,00000,00000,1,A,Alamo town,Tennessee,2340,2339,2338,2294,2342,2334
157,47,033,04720,00000,00000,1,A,Bells city,Tennessee,2462,2461,2479,2462,2478,2474
157,47,033,27960,00000,00000,1,A,Friendship city,Tennessee,610,611,615,610,614,614
157,47,033,28380,00000,00000,1,A,Gadsden town,Tennessee,476,475,478,475,476,476
157,47,033,46540,00000,00000,1,A,Maury City town,Tennessee,592,591,596,591,596,595
157,47,033,99990,00000,00000,1,F,Balance of Crockett County,Tennessee,7428,7428,7482,7430,7485,7480
050,47,035,00000,00000,00000,0,A,Cumberland County,Tennessee,61145,61372,62391,63537,64848,65618
157,47,035,17840,00000,00000,1,A,Crab Orchard city,Tennessee,717,718,720,724,730,731
157,47,035,18540,00000,00000,1,A,Crossville city,Tennessee,12041,12081,12206,12431,12644,12785
157,47,035,59240,00000,00000,1,A,Pleasant Hill town,Tennessee,543,543,538,553,549,551
157,47,035,99990,00000,00000,1,S,Balance of Cumberland County,Tennessee,47844,48030,48927,49829,50925,51551
050,47,037,00000,00000,00000,0,C,Davidson County,Tennessee,715884,716095,700966,711280,719092,729505
157,47,037,04620,00000,00000,1,A,Belle Meade city,Tennessee,2908,2895,2752,2685,2623,2590
157,47,037,05140,00000,00000,1,A,Berry Hill city,Tennessee,2112,2099,1988,1918,1861,1838
157,47,037,27020,00000,00000,1,A,Forest Hills city,Tennessee,5037,5018,4785,4644,4524,4455
157,47,037,29920,00000,00000,1,A,Goodlettsville city (pt.),Tennessee,11431,11423,11033,11493,11226,11112
157,47,037,52006,00000,00000,1,F,Nashville-Davidson metropolitan government (balance),Tennessee,689451,689726,675671,685903,694294,704963
157,47,037,54780,00000,00000,1,A,Oak Hill city,Tennessee,4885,4874,4678,4578,4503,4485
157,47,037,63140,00000,00000,1,A,Ridgetop city (pt.),Tennessee,60,60,59,59,61,62
050,47,039,00000,00000,00000,0,A,Decatur County,Tennessee,11436,11433,11408,11546,11709,11800
157,47,039,19900,00000,00000,1,A,Decaturville town,Tennessee,805,804,799,804,813,816
157,47,039,57080,00000,00000,1,A,Parsons city,Tennessee,2099,2098,2082,2096,2125,2159
157,47,039,66880,00000,00000,1,A,Scotts Hill town (pt.),Tennessee,310,310,311,318,324,328
157,47,039,99990,00000,00000,1,F,Balance of Decatur County,Tennessee,8222,8221,8216,8328,8447,8497
050,47,041,00000,00000,00000,0,A,DeKalb County,Tennessee,20079,20191,20506,21013,21337,21747
157,47,041,00620,00000,00000,1,A,Alexandria town,Tennessee,912,915,917,926,927,944
157,47,041,21420,00000,00000,1,A,Dowelltown town,Tennessee,343,344,350,358,361,367
157,47,041,42040,00000,00000,1,A,Liberty town,Tennessee,332,333,337,340,342,345
157,47,041,69320,00000,00000,1,A,Smithville city,Tennessee,5009,5044,5138,5304,5420,5546
157,47,041,99990,00000,00000,1,F,Balance of DeKalb County,Tennessee,13483,13555,13764,14085,14287,14545
050,47,043,00000,00000,00000,0,A,Dickson County,Tennessee,54317,54453,55194,55793,56835,57641
157,47,043,09880,00000,00000,1,A,Burns town,Tennessee,1582,1606,1693,1776,1817,1872
157,47,043,13080,00000,00000,1,A,Charlotte town,Tennessee,1658,1661,1563,1677,1716,1662
157,47,043,20620,00000,00000,1,A,Dickson city,Tennessee,16069,16068,16134,16351,16776,16878
157,47,043,69080,00000,00000,1,A,Slayden town,Tennessee,174,174,179,178,180,182
157,47,043,76860,00000,00000,1,A,Vanleer town,Tennessee,568,570,580,582,588,597
157,47,043,79980,00000,00000,1,A,White Bluff town,Tennessee,3862,3872,3967,4006,4166,4386
157,47,043,99990,00000,00000,1,F,Balance of Dickson County,Tennessee,30404,30502,31078,31223,31592,32064
050,47,045,00000,00000,00000,0,A,Dyer County,Tennessee,36799,36709,36605,36392,36432,36403
157,47,045,22200,00000,00000,1,A,Dyersburg city,Tennessee,16162,16118,16013,15939,15930,15915
157,47,045,52400,00000,00000,1,A,Newbern town,Tennessee,3343,3330,3312,3272,3264,3247
157,47,045,75160,00000,00000,1,A,Trimble town (pt.),Tennessee,542,540,538,531,530,528
157,47,045,99990,00000,00000,1,S,Balance of Dyer County,Tennessee,16752,16721,16742,16650,16708,16713
050,47,047,00000,00000,00000,0,A,Fayette County,Tennessee,41714,41865,42615,43296,44082,44476
157,47,047,07840,00000,00000,1,A,Braden town,Tennessee,257,256,254,252,250,248
157,47,047,28560,00000,00000,1,A,Gallaway city,Tennessee,528,529,530,515,525,521
157,47,047,30280,00000,00000,1,A,Grand Junction city (pt.),Tennessee,10,10,10,10,10,10
157,47,047,40200,00000,00000,1,A,La Grange town,Tennessee,124,124,125,121,120,120
157,47,047,50300,00000,00000,1,A,Moscow city,Tennessee,568,567,562,561,561,555
157,47,047,54920,00000,00000,1,A,Oakland town,Tennessee,8960,9048,9526,10035,10486,10769
157,47,047,58840,00000,00000,1,A,Piperton city,Tennessee,2264,2303,2493,2602,2683,2766
157,47,047,65240,00000,00000,1,A,Rossville town,Tennessee,1047,1060,1105,1127,1168,1183
157,47,047,69620,00000,00000,1,A,Somerville town,Tennessee,3425,3427,3432,3412,3519,3523
157,47,047,81020,00000,00000,1,A,Williston city,Tennessee,352,351,348,343,340,337
157,47,047,99990,00000,00000,1,F,Balance of Fayette County,Tennessee,24179,24190,24230,24318,24420,24444
050,47,049,00000,00000,00000,0,A,Fentress County,Tennessee,18487,18534,18839,19336,19708,20129
157,47,049,00660,00000,00000,1,A,Allardt city,Tennessee,555,556,565,579,589,602
157,47,049,37780,00000,00000,1,A,Jamestown city,Tennessee,2016,2020,2017,2032,2077,2102
157,47,049,99990,00000,00000,1,S,Balance of Fentress County,Tennessee,15916,15958,16257,16725,17042,17425
050,47,051,00000,00000,00000,0,A,Franklin County,Tennessee,42733,42812,43161,44156,44682,45137
157,47,051,17700,00000,00000,1,A,Cowan city,Tennessee,1763,1766,1774,1778,1769,1816
157,47,051,19920,00000,00000,1,A,Decherd city,Tennessee,2378,2376,2380,2425,2452,2479
157,47,051,24440,00000,00000,1,A,Estill Springs town,Tennessee,2697,2700,2698,2709,2703,2698
157,47,051,36600,00000,00000,1,A,Huntland town,Tennessee,886,885,891,899,891,890
157,47,051,49740,00000,00000,1,A,Monteagle town (pt.),Tennessee,59,59,59,59,58,59
157,47,051,75320,00000,00000,1,A,Tullahoma city (pt.),Tennessee,1486,1488,1492,1494,1488,1482
157,47,051,81080,00000,00000,1,A,Winchester city,Tennessee,9372,9409,9501,9841,9997,10251
157,47,051,99990,00000,00000,1,S,Balance of Franklin County,Tennessee,24092,24129,24366,24951,25324,25462
050,47,053,00000,00000,00000,0,A,Gibson County,Tennessee,50413,50447,50471,50855,51152,51422
157,47,053,07860,00000,00000,1,A,Bradford town,Tennessee,1002,1001,994,994,993,1002
157,47,053,22180,00000,00000,1,A,Dyer city,Tennessee,2305,2306,2305,2309,2326,2328
157,47,053,29020,00000,00000,1,A,Gibson town,Tennessee,364,364,362,370,373,372
157,47,053,36460,00000,00000,1,A,Humboldt city (pt.),Tennessee,7784,7779,7735,7761,7760,7756
157,47,053,39140,00000,00000,1,A,Kenton town (pt.),Tennessee,744,743,737,731,730,726
157,47,053,47000,00000,00000,1,A,Medina city,Tennessee,5128,5157,5251,5400,5534,5681
157,47,053,48660,00000,00000,1,A,Milan city,Tennessee,8177,8176,8156,8259,8307,8306
157,47,053,65760,00000,00000,1,A,Rutherford town,Tennessee,1159,1158,1150,1147,1145,1149
157,47,053,75000,00000,00000,1,A,Trenton city,Tennessee,4238,4235,4163,4147,4101,4111
157,47,053,82360,00000,00000,1,A,Yorkville city,Tennessee,235,235,234,231,232,231
157,47,053,99990,00000,00000,1,F,Balance of Gibson County,Tennessee,19277,19293,19384,19506,19651,19760
050,47,055,00000,00000,00000,0,A,Giles County,Tennessee,30343,30344,30411,30560,30815,30971
157,47,055,01640,00000,00000,1,A,Ardmore city (pt.),Tennessee,1067,1065,1086,1085,1086,1089
157,47,055,23660,00000,00000,1,A,Elkton city,Tennessee,542,541,540,535,534,530
157,47,055,44420,00000,00000,1,A,Lynnville town,Tennessee,292,294,299,307,314,321
157,47,055,49360,00000,00000,1,A,Minor Hill city,Tennessee,504,505,508,511,515,520
157,47,055,61040,00000,00000,1,A,Pulaski city,Tennessee,8396,8381,8246,8268,8302,8241
157,47,055,99990,00000,00000,1,S,Balance of Giles County,Tennessee,19542,19558,19732,19854,20064,20270
050,47,057,00000,00000,00000,0,A,Grainger County,Tennessee,23528,23569,23801,24191,24697,25073
157,47,057,03760,00000,00000,1,A,Bean Station city (pt.),Tennessee,2944,2949,2962,3012,3060,3101
157,47,057,06340,00000,00000,1,A,Blaine city,Tennessee,2079,2080,2090,2117,2144,2167
157,47,057,65820,00000,00000,1,A,Rutledge town,Tennessee,1326,1327,1325,1265,1334,1348
157,47,057,99990,00000,00000,1,F,Balance of Grainger County,Tennessee,17179,17213,17424,17797,18159,18457
050,47,059,00000,00000,00000,0,A,Greene County,Tennessee,70161,70348,70570,71279,72546,73398
157,47,059,02780,00000,00000,1,A,Baileyton town,Tennessee,426,429,436,444,451,450
157,47,059,30980,00000,00000,1,A,Greeneville town,Tennessee,15486,15510,15430,15526,15750,15979
157,47,059,50320,00000,00000,1,A,Mosheim town,Tennessee,2482,2488,2494,2506,2542,2560
157,47,059,75560,00000,00000,1,A,Tusculum city,Tennessee,3298,3299,3290,3329,3362,3394
157,47,059,99990,00000,00000,1,S,Balance of Greene County,Tennessee,48469,48622,48920,49474,50441,51015
050,47,061,00000,00000,00000,0,A,Grundy County,Tennessee,13533,13548,13595,13813,13992,14148
157,47,061,00940,00000,00000,1,A,Altamont town,Tennessee,1118,1121,1102,1136,1153,1189
157,47,061,04240,00000,00000,1,A,Beersheba Springs town,Tennessee,432,432,436,444,450,455
157,47,061,15920,00000,00000,1,A,Coalmont city,Tennessee,786,787,792,804,814,822
157,47,061,31490,00000,00000,1,A,Gruetli-Laager city,Tennessee,1735,1736,1740,1762,1777,1789
157,47,061,49740,00000,00000,1,A,Monteagle town (pt.),Tennessee,815,815,816,820,842,865
157,47,061,56560,00000,00000,1,A,Palmer town,Tennessee,556,556,560,569,577,581
157,47,061,74880,00000,00000,1,A,Tracy City town,Tennessee,1405,1406,1409,1424,1437,1446
157,47,061,99990,00000,00000,1,S,Balance of Grundy County,Tennessee,6686,6695,6740,6854,6942,7001
050,47,063,00000,00000,00000,0,A,Hamblen County,Tennessee,64497,64542,64361,65263,66466,67715
157,47,063,50280,00000,00000,1,A,Morristown city (pt.),Tennessee,30442,30475,30545,31462,32218,32990
157,47,063,80360,00000,00000,1,A,White Pine town (pt.),Tennessee,0,0,0,0,0,0
157,47,063,99990,00000,00000,1,S,Balance of Hamblen County,Tennessee,34055,34067,33816,33801,34248,34725
050,47,065,00000,00000,00000,0,A,Hamilton County,Tennessee,366837,367891,369678,375861,381272,386256
157,47,065,14000,00000,00000,1,A,Chattanooga city,Tennessee,181671,182271,181885,185030,188080,191496
157,47,065,16300,00000,00000,1,A,Collegedale city,Tennessee,11102,11122,11238,11276,11489,11510
157,47,065,22720,00000,00000,1,A,East Ridge city,Tennessee,22169,22207,22089,21984,22028,21970
157,47,065,40540,00000,00000,1,A,Lakesite city,Tennessee,1856,1865,1911,1932,1957,1949
157,47,065,43640,00000,00000,1,A,Lookout Mountain town,Tennessee,2067,2068,2060,2048,2052,2038
157,47,065,61960,00000,00000,1,A,Red Bank city,Tennessee,11899,11926,11971,11982,12089,12073
157,47,065,63080,00000,00000,1,A,Ridgeside city,Tennessee,447,447,448,449,448,444
157,47,065,68540,00000,00000,1,A,Signal Mountain town,Tennessee,8848,8854,8849,8863,8898,8877
157,47,065,69560,00000,00000,1,A,Soddy-Daisy city,Tennessee,13069,13052,13150,13206,13327,13430
157,47,065,77540,00000,00000,1,A,Walden town,Tennessee,1980,1984,1981,1977,1983,1974
157,47,065,99990,00000,00000,1,S,Balance of Hamilton County,Tennessee,111729,112095,114096,117114,118921,120495
050,47,067,00000,00000,00000,0,A,Hancock County,Tennessee,6660,6626,6794,6838,6963,7038
157,47,067,69460,00000,00000,1,A,Sneedville town,Tennessee,1278,1272,1294,1309,1355,1344
157,47,067,99990,00000,00000,1,F,Balance of Hancock County,Tennessee,5382,5354,5500,5529,5608,5694
050,47,069,00000,00000,00000,0,A,Hardeman County,Tennessee,25461,25438,25266,25493,25523,25434
157,47,069,07180,00000,00000,1,A,Bolivar city,Tennessee,5198,5188,5170,5178,5119,5084
157,47,069,30280,00000,00000,1,A,Grand Junction city (pt.),Tennessee,329,328,328,325,323,320
157,47,069,33920,00000,00000,1,A,Hickory Valley town,Tennessee,79,79,79,78,80,79
157,47,069,36080,00000,00000,1,A,Hornsby town,Tennessee,260,260,259,260,259,257
157,47,069,48340,00000,00000,1,A,Middleton city,Tennessee,658,657,675,696,719,737
157,47,069,66680,00000,00000,1,A,Saulsbury town,Tennessee,109,109,110,110,109,108
157,47,069,68560,00000,00000,1,A,Silerton town (pt.),Tennessee,97,97,97,96,96,95
157,47,069,74640,00000,00000,1,A,Toone town,Tennessee,267,266,266,267,266,265
157,47,069,80540,00000,00000,1,A,Whiteville town,Tennessee,4580,4578,4387,4563,4580,4564
157,47,069,99990,00000,00000,1,S,Balance of Hardeman County,Tennessee,13884,13876,13895,13920,13972,13925
050,47,071,00000,00000,00000,0,A,Hardin County,Tennessee,26977,26958,26980,27240,27449,27617
157,47,071,00240,00000,00000,1,A,Adamsville town (pt.),Tennessee,46,46,46,46,46,47
157,47,071,18620,00000,00000,1,A,Crump city,Tennessee,907,906,911,921,929,933
157,47,071,48920,00000,00000,1,A,Milledgeville town (pt.),Tennessee,57,57,57,57,58,58
157,47,071,66340,00000,00000,1,A,Saltillo town,Tennessee,422,421,423,426,429,430
157,47,071,66720,00000,00000,1,A,Savannah city,Tennessee,7363,7358,7299,7388,7470,7565
157,47,071,99990,00000,00000,1,S,Balance of Hardin County,Tennessee,18182,18170,18244,18402,18517,18584
050,47,073,00000,00000,00000,0,A,Hawkins County,Tennessee,56723,56721,57206,57915,58608,59371
157,47,073,03760,00000,00000,1,A,Bean Station city (pt.),Tennessee,10,10,10,10,10,10
157,47,073,09560,00000,00000,1,A,Bulls Gap town,Tennessee,755,754,755,762,767,771
157,47,073,14980,00000,00000,1,A,Church Hill city,Tennessee,7007,7003,7031,7090,7236,7310
157,47,073,39560,00000,00000,1,A,Kingsport city (pt.),Tennessee,2757,2754,2770,2797,2824,2866
157,47,073,50580,00000,00000,1,A,Mount Carmel town,Tennessee,5432,5424,5449,5489,5518,5549
157,47,073,64820,00000,00000,1,A,Rogersville town,Tennessee,4670,4663,4614,4601,4634,4720
157,47,073,72380,00000,00000,1,A,Surgoinsville town,Tennessee,1879,1879,1891,1905,1915,1930
157,47,073,99990,00000,00000,1,S,Balance of Hawkins County,Tennessee,34213,34234,34686,35261,35704,36215
050,47,075,00000,00000,00000,0,A,Haywood County,Tennessee,17861,17825,17673,17470,17312,17097
157,47,075,08920,00000,00000,1,A,Brownsville city,Tennessee,9918,9892,9763,9597,9490,9358
157,47,075,70820,00000,00000,1,A,Stanton town,Tennessee,420,419,419,419,416,415
157,47,075,99990,00000,00000,1,S,Balance of Haywood County,Tennessee,7523,7514,7491,7454,7406,7324
050,47,077,00000,00000,00000,0,A,Henderson County,Tennessee,27840,27831,27916,27907,28065,28183
157,47,077,41980,00000,00000,1,A,Lexington city,Tennessee,7953,7951,7923,7916,7985,8037
157,47,077,56870,00000,00000,1,A,Parker's Crossroads city,Tennessee,284,284,286,285,284,284
157,47,077,66660,00000,00000,1,A,Sardis town,Tennessee,413,413,416,415,418,420
157,47,077,66880,00000,00000,1,A,Scotts Hill town (pt.),Tennessee,559,558,560,559,562,563
157,47,077,99990,00000,00000,1,S,Balance of Henderson County,Tennessee,18631,18625,18731,18732,18816,18879
050,47,079,00000,00000,00000,0,A,Henry County,Tennessee,32196,32146,32248,32328,32454,32883
157,47,079,17340,00000,00000,1,A,Cottage Grove town,Tennessee,66,66,66,66,66,67
157,47,079,33400,00000,00000,1,A,Henry town,Tennessee,443,442,445,446,447,452
157,47,079,44940,00000,00000,1,A,McKenzie city (pt.),Tennessee,66,66,66,66,66,66
157,47,079,56720,00000,00000,1,A,Paris city,Tennessee,10307,10288,10286,10303,10306,10517
157,47,079,61160,00000,00000,1,A,Puryear city,Tennessee,707,705,711,711,711,715
157,47,079,99990,00000,00000,1,S,Balance of Henry County,Tennessee,20607,20579,20674,20736,20858,21066
050,47,081,00000,00000,00000,0,A,Hickman County,Tennessee,24907,24970,25082,25479,25788,25859
157,47,081,12420,00000,00000,1,A,Centerville town,Tennessee,3523,3525,3534,3528,3557,3561
157,47,081,99990,00000,00000,1,S,Balance of Hickman County,Tennessee,21384,21445,21548,21951,22231,22298
050,47,083,00000,00000,00000,0,A,Houston County,Tennessee,8284,8305,8292,8230,8398,8538
157,47,083,24320,00000,00000,1,A,Erin city,Tennessee,1228,1230,1231,1206,1196,1220
157,47,083,73460,00000,00000,1,A,Tennessee Ridge town,Tennessee,1323,1326,1326,1318,1342,1361
157,47,083,99990,00000,00000,1,F,Balance of Houston County,Tennessee,5733,5749,5735,5706,5860,5957
050,47,085,00000,00000,00000,0,A,Humphreys County,Tennessee,18985,18996,19179,19046,19293,19554
157,47,085,44840,00000,00000,1,A,McEwen city,Tennessee,1648,1652,1680,1694,1726,1762
157,47,085,52820,00000,00000,1,A,New Johnsonville city,Tennessee,1806,1806,1819,1807,1819,1840
157,47,085,78560,00000,00000,1,A,Waverly city,Tennessee,4301,4300,4325,4209,4300,4381
157,47,085,99990,00000,00000,1,F,Balance of Humphreys County,Tennessee,11230,11238,11355,11336,11448,11571
050,47,087,00000,00000,00000,0,A,Jackson County,Tennessee,11614,11631,11771,12022,12344,12376
157,47,087,28420,00000,00000,1,A,Gainesboro town,Tennessee,925,926,923,936,966,961
157,47,087,99990,00000,00000,1,S,Balance of Jackson County,Tennessee,10689,10705,10848,11086,11378,11415
050,47,089,00000,00000,00000,0,A,Jefferson County,Tennessee,54681,54917,55550,56739,57897,59217
157,47,089,03078,00000,00000,1,A,Baneberry city,Tennessee,524,527,546,554,567,578
157,47,089,19380,00000,00000,1,A,Dandridge town,Tennessee,3349,3359,3360,3498,3620,3841
157,47,089,37960,00000,00000,1,A,Jefferson City city,Tennessee,8391,8404,8361,8413,8754,9013
157,47,089,50280,00000,00000,1,A,Morristown city (pt.),Tennessee,4,4,4,4,4,4
157,47,089,52940,00000,00000,1,A,New Market town,Tennessee,1362,1364,1376,1397,1405,1416
157,47,089,80360,00000,00000,1,A,White Pine town (pt.),Tennessee,2477,2545,2560,2579,2574,2584
157,47,089,99990,00000,00000,1,S,Balance of Jefferson County,Tennessee,38574,38714,39343,40294,40973,41781
050,47,091,00000,00000,00000,0,A,Johnson County,Tennessee,17952,17994,18061,18044,18376,18506
157,47,091,50400,00000,00000,1,A,Mountain City town,Tennessee,2412,2417,2393,2382,2463,2486
157,47,091,99990,00000,00000,1,S,Balance of Johnson County,Tennessee,15540,15577,15668,15662,15913,16020
050,47,093,00000,00000,00000,0,A,Knox County,Tennessee,478959,480530,486005,495882,501576,506748
157,47,093,25760,00000,00000,1,A,Farragut town (pt.),Tennessee,23508,23570,24331,24675,25340,25242
157,47,093,40000,00000,00000,1,A,Knoxville city,Tennessee,190674,191227,192158,196210,197463,198722
157,47,093,99990,00000,00000,1,S,Balance of Knox County,Tennessee,264777,265733,269516,274997,278773,282784
050,47,095,00000,00000,00000,0,A,Lake County,Tennessee,6999,6985,6588,6493,6407,6422
157,47,095,63060,00000,00000,1,A,Ridgely town,Tennessee,1688,1683,1721,1665,1633,1666
157,47,095,74540,00000,00000,1,A,Tiptonville town,Tennessee,3975,3968,3496,3499,3460,3425
157,47,095,99990,00000,00000,1,S,Balance of Lake County,Tennessee,1336,1334,1371,1329,1314,1331
050,47,097,00000,00000,00000,0,A,Lauderdale County,Tennessee,25140,25125,24888,24725,24554,24630
157,47,097,28740,00000,00000,1,A,Gates town,Tennessee,665,664,663,657,654,654
157,47,097,31820,00000,00000,1,A,Halls town,Tennessee,2088,2084,2077,2053,2044,2033
157,47,097,33360,00000,00000,1,A,Henning town,Tennessee,876,877,882,878,879,877
157,47,097,63340,00000,00000,1,A,Ripley city,Tennessee,7806,7795,7755,7629,7615,7546
157,47,097,99990,00000,00000,1,F,Balance of Lauderdale County,Tennessee,13705,13705,13511,13508,13362,13520
050,47,099,00000,00000,00000,0,A,Lawrence County,Tennessee,44154,44179,44768,45476,46033,46467
157,47,099,24460,00000,00000,1,A,Ethridge town,Tennessee,533,533,542,548,556,561
157,47,099,41340,00000,00000,1,A,Lawrenceburg city,Tennessee,11635,11636,11672,11837,11976,12112
157,47,099,43700,00000,00000,1,A,Loretto city,Tennessee,1736,1737,1761,1783,1800,1813
157,47,099,66160,00000,00000,1,A,St. Joseph city,Tennessee,790,790,800,810,817,820
157,47,099,99990,00000,00000,1,S,Balance of Lawrence County,Tennessee,29460,29483,29993,30498,30884,31161
050,47,101,00000,00000,00000,0,A,Lewis County,Tennessee,12583,12607,12856,12934,13146,13418
157,47,101,35160,00000,00000,1,A,Hohenwald city,Tennessee,3670,3708,3797,3845,3924,4136
157,47,101,99990,00000,00000,1,F,Balance of Lewis County,Tennessee,8913,8899,9059,9089,9222,9282
050,47,103,00000,00000,00000,0,A,Lincoln County,Tennessee,35324,35338,35444,36006,36193,36751
157,47,103,01640,00000,00000,1,A,Ardmore city (pt.),Tennessee,142,142,141,144,146,147
157,47,103,25920,00000,00000,1,A,Fayetteville city,Tennessee,7077,7065,6989,7050,7054,7142
157,47,103,57740,00000,00000,1,A,Petersburg town (pt.),Tennessee,368,368,371,375,378,383
157,47,103,99990,00000,00000,1,S,Balance of Lincoln County,Tennessee,27737,27763,27943,28437,28615,29079
050,47,105,00000,00000,00000,0,A,Loudon County,Tennessee,54891,55136,56800,58255,60581,62129
157,47,105,25760,00000,00000,1,A,Farragut town (pt.),Tennessee,0,0,0,0,0,0
157,47,105,30880,00000,00000,1,A,Greenback city,Tennessee,1101,1107,1141,1154,1197,1224
157,47,105,41760,00000,00000,1,A,Lenoir City city,Tennessee,10109,10126,10368,11285,11736,12041
157,47,105,43780,00000,00000,1,A,Loudon city,Tennessee,5990,6022,6271,6319,6649,6942
157,47,105,57900,00000,00000,1,A,Philadelphia city,Tennessee,607,610,629,639,665,682
157,47,105,99990,00000,00000,1,S,Balance of Loudon County,Tennessee,37084,37271,38391,38858,40334,41240
050,47,107,00000,00000,00000,0,A,McMinn County,Tennessee,53274,53344,53922,54680,55720,56754
157,47,107,02320,00000,00000,1,A,Athens city,Tennessee,14077,14091,14120,14343,14728,15050
157,47,107,10440,00000,00000,1,A,Calhoun town,Tennessee,534,535,541,546,553,562
157,47,107,24040,00000,00000,1,A,Englewood town,Tennessee,1478,1479,1496,1519,1554,1590
157,47,107,24480,00000,00000,1,A,Etowah city,Tennessee,3599,3600,3620,3644,3693,3742
157,47,107,53380,00000,00000,1,A,Niota city,Tennessee,766,767,778,794,805,821
157,47,107,72540,00000,00000,1,A,Sweetwater city (pt.),Tennessee,6,6,6,6,6,6
157,47,107,99990,00000,00000,1,S,Balance of McMinn County,Tennessee,32814,32866,33361,33828,34381,34983
050,47,109,00000,00000,00000,0,A,McNairy County,Tennessee,25855,25858,25853,25971,26065,26103
157,47,109,00240,00000,00000,1,A,Adamsville town (pt.),Tennessee,2036,2035,2028,2023,2041,2027
157,47,109,05380,00000,00000,1,A,Bethel Springs town,Tennessee,745,745,746,750,751,748
157,47,109,22920,00000,00000,1,A,Eastview town,Tennessee,767,767,766,768,771,768
157,47,109,24240,00000,00000,1,A,Enville town (pt.),Tennessee,6,6,6,6,6,6
157,47,109,26160,00000,00000,1,A,Finger city,Tennessee,277,277,277,277,279,279
157,47,109,31680,00000,00000,1,A,Guys town,Tennessee,414,414,413,416,418,416
157,47,109,48180,00000,00000,1,A,Michie town,Tennessee,654,654,655,657,661,659
157,47,109,48920,00000,00000,1,A,Milledgeville town (pt.),Tennessee,140,140,140,140,141,140
157,47,109,61520,00000,00000,1,A,Ramer city,Tennessee,327,327,327,327,327,325
157,47,109,66940,00000,00000,1,A,Selmer town,Tennessee,4470,4469,4454,4468,4481,4590
157,47,109,70840,00000,00000,1,A,Stantonville town,Tennessee,335,335,337,340,341,342
157,47,109,99990,00000,00000,1,S,Balance of McNairy County,Tennessee,15684,15689,15704,15799,15848,15803
050,47,111,00000,00000,00000,0,A,Macon County,Tennessee,25217,25269,25678,26225,26837,27189
157,47,111,40160,00000,00000,1,A,Lafayette city,Tennessee,5598,5587,5577,5705,5842,5919
157,47,111,62000,00000,00000,1,A,Red Boiling Springs city,Tennessee,1210,1208,1206,1204,1220,1214
157,47,111,99990,00000,00000,1,F,Balance of Macon County,Tennessee,18409,18474,18895,19316,19775,20056
050,47,113,00000,00000,00000,0,A,Madison County,Tennessee,98832,98834,98580,99264,99390,100409
157,47,113,36460,00000,00000,1,A,Humboldt city (pt.),Tennessee,97,97,97,97,96,96
157,47,113,37640,00000,00000,1,A,Jackson city,Tennessee,68214,68200,67881,68365,68391,69303
157,47,113,47020,00000,00000,1,A,Medon city,Tennessee,189,189,190,192,194,194
157,47,113,74100,00000,00000,1,A,Three Way city,Tennessee,1890,1890,1895,1907,1910,1922
157,47,113,99990,00000,00000,1,S,Balance of Madison County,Tennessee,28442,28458,28517,28703,28799,28894
050,47,115,00000,00000,00000,0,A,Marion County,Tennessee,28871,28905,28960,29101,29458,29826
157,47,115,37820,00000,00000,1,A,Jasper town,Tennessee,3613,3616,3606,3604,3627,3655
157,47,115,39400,00000,00000,1,A,Kimball town,Tennessee,1547,1552,1569,1584,1608,1638
157,47,115,49740,00000,00000,1,A,Monteagle town (pt.),Tennessee,512,511,508,505,504,516
157,47,115,52780,00000,00000,1,A,New Hope city,Tennessee,989,988,978,968,962,973
157,47,115,56040,00000,00000,1,A,Orme town,Tennessee,88,88,87,86,86,85
157,47,115,60500,00000,00000,1,A,Powells Crossroads town,Tennessee,1297,1296,1290,1273,1280,1294
157,47,115,70060,00000,00000,1,A,South Pittsburg city,Tennessee,3094,3089,3054,3004,2975,2969
157,47,115,80620,00000,00000,1,A,Whitwell city,Tennessee,1650,1648,1638,1626,1621,1616
157,47,115,99990,00000,00000,1,S,Balance of Marion County,Tennessee,16081,16117,16230,16451,16795,17080
050,47,117,00000,00000,00000,0,A,Marshall County,Tennessee,34322,34472,35057,35862,37008,37847
157,47,117,12880,00000,00000,1,A,Chapel Hill town,Tennessee,1717,1725,1755,1798,1858,1897
157,47,117,17180,00000,00000,1,A,Cornersville town,Tennessee,1234,1239,1263,1290,1333,1362
157,47,117,41860,00000,00000,1,A,Lewisburg city,Tennessee,12295,12346,12525,12789,13158,13473
157,47,117,57740,00000,00000,1,A,Petersburg town (pt.),Tennessee,159,159,162,166,172,176
157,47,117,99990,00000,00000,1,F,Balance of Marshall County,Tennessee,18917,19003,19352,19819,20487,20939
050,47,119,00000,00000,00000,0,A,Maury County,Tennessee,100974,101836,104965,108007,110734,113411
157,47,119,16540,00000,00000,1,A,Columbia city,Tennessee,41615,41994,43452,45628,47311,48812
157,47,119,51080,00000,00000,1,A,Mount Pleasant city,Tennessee,4785,4805,4845,4809,4829,4871
157,47,119,70580,00000,00000,1,A,Spring Hill city (pt.),Tennessee,17136,17384,18425,19089,19713,20333
157,47,119,99990,00000,00000,1,F,Balance of Maury County,Tennessee,37438,37653,38243,38481,38881,39395
050,47,121,00000,00000,00000,0,A,Meigs County,Tennessee,12756,12809,13022,13265,13682,13937
157,47,121,19880,00000,00000,1,A,Decatur town,Tennessee,1567,1573,1581,1586,1635,1652
157,47,121,99990,00000,00000,1,F,Balance of Meigs County,Tennessee,11189,11236,11441,11679,12047,12285
050,47,123,00000,00000,00000,0,A,Monroe County,Tennessee,46250,46399,46651,47694,48578,49154
157,47,123,45320,00000,00000,1,A,Madisonville city,Tennessee,5130,5141,5124,5249,5315,5395
157,47,123,72540,00000,00000,1,A,Sweetwater city (pt.),Tennessee,6417,6431,6410,6506,6624,6670
157,47,123,73260,00000,00000,1,A,Tellico Plains town,Tennessee,762,763,760,770,776,781
157,47,123,77480,00000,00000,1,A,Vonore town (pt.),Tennessee,1573,1579,1585,1626,1659,1684
157,47,123,99990,00000,00000,1,S,Balance of Monroe County,Tennessee,32368,32485,32772,33543,34204,34624
050,47,125,00000,00000,00000,0,A,Montgomery County,Tennessee,220012,221309,227780,235252,240398,246025
157,47,125,15160,00000,00000,1,A,Clarksville city,Tennessee,166755,167533,170862,177020,181142,185690
157,47,125,99990,00000,00000,1,F,Balance of Montgomery County,Tennessee,53257,53776,56918,58232,59256,60335
050,47,127,00000,00000,00000,0,C,Moore County,Tennessee,6463,6466,6644,6715,6774,6773
157,47,127,44382,00000,00000,1,A,"Lynchburg, Moore County metropolitan government",Tennessee,6463,6466,6644,6715,6774,6773
050,47,129,00000,00000,00000,0,A,Morgan County,Tennessee,21036,21050,21120,21176,21503,21954
157,47,129,32520,00000,00000,1,A,Harriman city (pt.),Tennessee,0,0,0,0,0,0
157,47,129,54280,00000,00000,1,A,Oakdale town,Tennessee,191,191,193,194,197,199
157,47,129,55800,00000,00000,1,A,Oliver Springs town (pt.),Tennessee,30,30,30,31,31,32
157,47,129,72140,00000,00000,1,A,Sunbright city,Tennessee,523,523,528,532,538,543
157,47,129,78100,00000,00000,1,A,Wartburg city,Tennessee,912,912,898,907,941,944
157,47,129,99990,00000,00000,1,S,Balance of Morgan County,Tennessee,19380,19394,19471,19512,19796,20236
050,47,131,00000,00000,00000,0,A,Obion County,Tennessee,30791,30775,30461,30365,30403,30261
157,47,131,36000,00000,00000,1,A,Hornbeak town,Tennessee,509,509,506,506,507,505
157,47,131,39140,00000,00000,1,A,Kenton town (pt.),Tennessee,537,537,532,527,528,524
157,47,131,55240,00000,00000,1,A,Obion town,Tennessee,994,994,982,976,975,968
157,47,131,63800,00000,00000,1,A,Rives town,Tennessee,247,247,245,246,246,246
157,47,131,66360,00000,00000,1,A,Samburg town,Tennessee,207,207,205,198,200,198
157,47,131,69900,00000,00000,1,A,South Fulton city,Tennessee,2241,2238,2215,2199,2196,2177
157,47,131,75160,00000,00000,1,A,Trimble town (pt.),Tennessee,4,4,4,4,4,4
157,47,131,75240,00000,00000,1,A,Troy town,Tennessee,1411,1410,1401,1404,1410,1407
157,47,131,75940,00000,00000,1,A,Union City city,Tennessee,11173,11162,11008,10972,10950,10876
157,47,131,81700,00000,00000,1,A,Woodland Mills city,Tennessee,343,343,340,338,338,338
157,47,131,99990,00000,00000,1,F,Balance of Obion County,Tennessee,13125,13124,13023,12995,13049,13018
050,47,133,00000,00000,00000,0,A,Overton County,Tennessee,22505,22587,22836,22992,23358,23551
157,47,133,43140,00000,00000,1,A,Livingston town,Tennessee,3903,3920,3935,3969,4046,4100
157,47,133,99990,00000,00000,1,S,Balance of Overton County,Tennessee,18602,18667,18901,19023,19312,19451
050,47,135,00000,00000,00000,0,A,Perry County,Tennessee,8387,8386,8499,8702,8911,8987
157,47,135,42720,00000,00000,1,A,Linden town,Tennessee,1001,1003,1027,1059,1102,1123
157,47,135,43160,00000,00000,1,A,Lobelville city,Tennessee,924,923,934,952,973,978
157,47,135,99990,00000,00000,1,F,Balance of Perry County,Tennessee,6462,6460,6538,6691,6836,6886
050,47,137,00000,00000,00000,0,A,Pickett County,Tennessee,5003,4999,5071,5102,5114,5108
157,47,137,10180,00000,00000,1,A,Byrdstown town,Tennessee,792,791,802,805,808,807
157,47,137,99990,00000,00000,1,F,Balance of Pickett County,Tennessee,4211,4208,4269,4297,4306,4301
050,47,139,00000,00000,00000,0,A,Polk County,Tennessee,17544,17567,17722,17799,18066,18338
157,47,139,05040,00000,00000,1,A,Benton town,Tennessee,1521,1515,1477,1435,1445,1458
157,47,139,17000,00000,00000,1,A,Copperhill city,Tennessee,441,441,445,446,451,457
157,47,139,21740,00000,00000,1,A,Ducktown city,Tennessee,458,458,442,434,452,448
157,47,139,99990,00000,00000,1,S,Balance of Polk County,Tennessee,15124,15153,15358,15484,15718,15975
050,47,141,00000,00000,00000,0,A,Putnam County,Tennessee,79858,80078,81262,82603,83952,84894
157,47,141,00640,00000,00000,1,A,Algood city,Tennessee,3966,3984,3984,3987,4126,4104
157,47,141,03680,00000,00000,1,A,Baxter town,Tennessee,1580,1586,1625,1839,1936,2051
157,47,141,16920,00000,00000,1,A,Cookeville city,Tennessee,34825,34937,35538,36065,36706,37102
157,47,141,49760,00000,00000,1,A,Monterey town,Tennessee,2748,2749,2745,2756,2755,2796
157,47,141,99990,00000,00000,1,F,Balance of Putnam County,Tennessee,36739,36822,37370,37956,38429,38841
050,47,143,00000,00000,00000,0,A,Rhea County,Tennessee,33220,33287,33539,34056,34319,34759
157,47,143,19700,00000,00000,1,A,Dayton city,Tennessee,7420,7416,7465,7688,7721,7796
157,47,143,30760,00000,00000,1,A,Graysville town,Tennessee,1475,1473,1482,1494,1495,1508
157,47,143,70400,00000,00000,1,A,Spring City town,Tennessee,1947,1944,1931,1935,1953,1996
157,47,143,99990,00000,00000,1,F,Balance of Rhea County,Tennessee,22378,22454,22661,22939,23150,23459
050,47,145,00000,00000,00000,0,A,Roane County,Tennessee,53542,53664,54156,55256,56223,56742
157,47,145,32520,00000,00000,1,A,Harriman city (pt.),Tennessee,5943,5954,6002,6088,6173,6216
157,47,145,39620,00000,00000,1,A,Kingston city,Tennessee,6096,6109,6076,6221,6349,6340
157,47,145,55120,00000,00000,1,A,Oak Ridge city (pt.),Tennessee,3650,3658,3746,3863,3973,4050
157,47,145,55800,00000,00000,1,A,Oliver Springs town (pt.),Tennessee,921,922,929,944,957,964
157,47,145,64440,00000,00000,1,A,Rockwood city,Tennessee,5438,5444,5481,5565,5630,5684
157,47,145,99990,00000,00000,1,S,Balance of Roane County,Tennessee,31494,31577,31922,32575,33141,33488
050,47,147,00000,00000,00000,0,A,Robertson County,Tennessee,72811,72962,74054,75402,76820,78459
157,47,147,00200,00000,00000,1,A,Adams city,Tennessee,623,624,636,646,657,666
157,47,147,11980,00000,00000,1,A,Cedar Hill city,Tennessee,304,304,303,301,302,304
157,47,147,16980,00000,00000,1,A,Coopertown town,Tennessee,4477,4488,4598,4661,4700,4781
157,47,147,18420,00000,00000,1,A,Cross Plains city,Tennessee,1783,1785,1835,1857,1899,1907
157,47,147,30960,00000,00000,1,A,Greenbrier town,Tennessee,6945,6957,6984,6960,6955,7039
157,47,147,48980,00000,00000,1,A,Millersville city (pt.),Tennessee,1349,1349,1345,1339,1350,1380
157,47,147,56020,00000,00000,1,A,Orlinda city,Tennessee,946,947,962,979,991,1005
157,47,147,60280,00000,00000,1,A,Portland city (pt.),Tennessee,44,44,44,45,45,46
157,47,147,63140,00000,00000,1,A,Ridgetop city (pt.),Tennessee,2046,2045,2037,2036,2072,2081
157,47,147,70500,00000,00000,1,A,Springfield city,Tennessee,18786,18809,18936,19172,19515,19842
157,47,147,80200,00000,00000,1,A,White House city (pt.),Tennessee,6214,6244,6572,7044,7520,8137
157,47,147,99990,00000,00000,1,F,Balance of Robertson County,Tennessee,29294,29366,29802,30362,30814,31271
050,47,149,00000,00000,00000,0,A,Rutherford County,Tennessee,341478,343302,351241,362044,369649,376996
157,47,149,22360,00000,00000,1,A,Eagleville city (pt.),Tennessee,812,823,869,899,945,966
157,47,149,41200,00000,00000,1,A,La Vergne city,Tennessee,38709,38705,39626,40366,41051,41430
157,47,149,51560,00000,00000,1,A,Murfreesboro city,Tennessee,152835,153816,156473,162595,166023,168387
157,47,149,69420,00000,00000,1,A,Smyrna town (pt.),Tennessee,53106,53515,55455,56596,57639,60302
157,47,149,99990,00000,00000,1,S,Balance of Rutherford County,Tennessee,96016,96443,98818,101588,103991,105911
050,47,151,00000,00000,00000,0,A,Scott County,Tennessee,21847,21876,21895,22033,22245,22517
157,47,151,36640,00000,00000,1,A,Huntsville town,Tennessee,1739,1740,1709,1730,1733,1741
157,47,151,55860,00000,00000,1,A,Oneida town,Tennessee,3788,3792,3790,3805,3835,3875
157,47,151,81280,00000,00000,1,A,Winfield town,Tennessee,965,966,968,971,1007,1020
157,47,151,99990,00000,00000,1,S,Balance of Scott County,Tennessee,15355,15378,15428,15527,15670,15881
050,47,153,00000,00000,00000,0,A,Sequatchie County,Tennessee,15823,15847,16448,16943,17189,17620
157,47,153,22000,00000,00000,1,A,Dunlap city,Tennessee,5349,5358,5553,5721,5809,5960
157,47,153,99990,00000,00000,1,S,Balance of Sequatchie County,Tennessee,10474,10489,10895,11222,11380,11660
050,47,155,00000,00000,00000,0,A,Sevier County,Tennessee,98679,98865,99667,99318,100224,100184
157,47,155,28800,00000,00000,1,A,Gatlinburg city,Tennessee,3574,3555,3697,3659,3720,3703
157,47,155,58080,00000,00000,1,A,Pigeon Forge city,Tennessee,6406,6402,6355,6220,6389,6446
157,47,155,58940,00000,00000,1,A,Pittman Center town,Tennessee,459,459,464,463,463,464
157,47,155,67120,00000,00000,1,A,Sevierville city,Tennessee,18179,18462,18564,18275,18473,18231
157,47,155,99990,00000,00000,1,S,Balance of Sevier County,Tennessee,70061,69987,70587,70701,71179,71340
050,47,157,00000,00000,00000,0,A,Shelby County,Tennessee,930015,929788,923255,918382,913909,910530
157,47,157,01740,00000,00000,1,A,Arlington town,Tennessee,14835,14918,15003,15146,15369,15550
157,47,157,03440,00000,00000,1,A,Bartlett city,Tennessee,57792,57671,57059,56635,56271,56708
157,47,157,16420,00000,00000,1,A,Collierville town,Tennessee,51325,51332,51254,51461,51535,51951
157,47,157,28960,00000,00000,1,A,Germantown city,Tennessee,41335,41263,40924,40653,40438,40128
157,47,157,40350,00000,00000,1,A,Lakeland city,Tennessee,13924,14027,14152,14206,14206,14416
157,47,157,48000,00000,00000,1,A,Memphis city,Tennessee,628546,628388,622541,618468,614587,610919
157,47,157,49060,00000,00000,1,A,Millington city,Tennessee,10580,10581,11375,11493,11505,11486
157,47,157,99990,00000,00000,1,F,Balance of Shelby County,Tennessee,111678,111608,110947,110320,109998,109372
050,47,159,00000,00000,00000,0,A,Smith County,Tennessee,19908,19966,20166,20485,20545,20783
157,47,159,11280,00000,00000,1,A,Carthage town,Tennessee,2293,2295,2263,2303,2267,2266
157,47,159,30120,00000,00000,1,A,Gordonsville town,Tennessee,1365,1369,1377,1384,1380,1387
157,47,159,69680,00000,00000,1,A,South Carthage town,Tennessee,1483,1486,1528,1546,1575,1584
157,47,159,99990,00000,00000,1,S,Balance of Smith County,Tennessee,14767,14816,14998,15252,15323,15546
050,47,161,00000,00000,00000,0,A,Stewart County,Tennessee,13658,13709,13813,14001,14246,14365
157,47,161,18820,00000,00000,1,A,Cumberland City town,Tennessee,306,307,310,311,317,323
157,47,161,21400,00000,00000,1,A,Dover city,Tennessee,1829,1836,1801,1815,1878,1893
157,47,161,99990,00000,00000,1,S,Balance of Stewart County,Tennessee,11523,11566,11702,11875,12051,12149
050,47,163,00000,00000,00000,0,A,Sullivan County,Tennessee,158161,158244,159228,160891,162054,162703
157,47,163,06960,00000,00000,1,A,Bluff City city,Tennessee,1820,1819,1824,1836,1838,1838
157,47,163,08540,00000,00000,1,A,Bristol city,Tennessee,27133,27181,27545,27716,27828,27867
157,47,163,38320,00000,00000,1,A,Johnson City city (pt.),Tennessee,831,833,845,854,857,864
157,47,163,39560,00000,00000,1,A,Kingsport city (pt.),Tennessee,52778,52756,52927,53410,53937,54243
157,47,163,99990,00000,00000,1,S,Balance of Sullivan County,Tennessee,75599,75655,76087,77075,77594,77891
050,47,165,00000,00000,00000,0,A,Sumner County,Tennessee,196280,197420,200536,204018,208423,211721
157,47,165,28540,00000,00000,1,A,Gallatin city,Tennessee,44453,44825,46726,48220,50413,52489
157,47,165,29920,00000,00000,1,A,Goodlettsville city (pt.),Tennessee,6366,6389,6364,6333,6339,6321
157,47,165,33280,00000,00000,1,A,Hendersonville city,Tennessee,61786,62119,62446,63064,63755,63947
157,47,165,48980,00000,00000,1,A,Millersville city (pt.),Tennessee,4951,4964,4945,4933,4977,5047
157,47,165,49460,00000,00000,1,A,Mitchellville city,Tennessee,161,161,160,159,159,160
157,47,165,60280,00000,00000,1,A,Portland city (pt.),Tennessee,13092,13169,13318,13497,13591,13605
157,47,165,79420,00000,00000,1,A,Westmoreland town,Tennessee,2813,2817,2827,2847,2879,2885
157,47,165,80200,00000,00000,1,A,White House city (pt.),Tennessee,6817,6862,7111,7471,7853,8326
157,47,165,99990,00000,00000,1,S,Balance of Sumner County,Tennessee,55841,56114,56639,57494,58457,58941
050,47,167,00000,00000,00000,0,A,Tipton County,Tennessee,60977,61047,61071,61577,61885,62187
157,47,167,02340,00000,00000,1,A,Atoka town,Tennessee,10015,10061,10213,10446,10559,10624
157,47,167,08500,00000,00000,1,A,Brighton town,Tennessee,2883,2884,2872,2876,2875,2904
157,47,167,09860,00000,00000,1,A,Burlison town,Tennessee,369,369,368,367,366,367
157,47,167,17680,00000,00000,1,A,Covington city,Tennessee,8671,8664,8561,8566,8551,8575
157,47,167,28680,00000,00000,1,A,Garland town,Tennessee,287,287,284,286,285,284
157,47,167,29160,00000,00000,1,A,Gilt Edge city,Tennessee,475,475,473,474,473,474
157,47,167,46420,00000,00000,1,A,Mason town,Tennessee,1349,1348,1359,1336,1357,1343
157,47,167,51540,00000,00000,1,A,Munford city,Tennessee,6299,6318,6402,6596,6732,6896
157,47,167,99990,00000,00000,1,S,Balance of Tipton County,Tennessee,30629,30641,30539,30630,30687,30720
050,47,169,00000,00000,00000,0,C,Trousdale County,Tennessee,11609,11634,11607,12085,12301,12159
157,47,169,32742,00000,00000,1,A,Hartsville/Trousdale County,Tennessee,11609,11634,11607,12085,12301,12159
050,47,171,00000,00000,00000,0,A,Unicoi County,Tennessee,17912,17873,17617,17606,17812,17872
157,47,171,24360,00000,00000,1,A,Erwin town,Tennessee,6083,6065,5944,5922,6012,6020
157,47,171,75820,00000,00000,1,A,Unicoi town,Tennessee,3816,3810,3775,3783,3824,3845
157,47,171,99990,00000,00000,1,S,Balance of Unicoi County,Tennessee,8013,7998,7898,7901,7976,8007
050,47,173,00000,00000,00000,0,A,Union County,Tennessee,19802,19845,20018,20483,20747,21064
157,47,173,44300,00000,00000,1,A,Luttrell town,Tennessee,1016,1018,1029,1053,1066,1086
157,47,173,46700,00000,00000,1,A,Maynardville city,Tennessee,2461,2471,2453,2539,2582,2598
157,47,173,59020,00000,00000,1,A,Plainview city,Tennessee,2059,2065,2095,2149,2181,2226
157,47,173,99990,00000,00000,1,F,Balance of Union County,Tennessee,14266,14291,14441,14742,14918,15154
050,47,175,00000,00000,00000,0,A,Van Buren County,Tennessee,6169,6175,6295,6455,6576,6686
157,47,175,70240,00000,00000,1,A,Spencer city,Tennessee,1462,1463,1493,1525,1558,1590
157,47,175,99990,00000,00000,1,F,Balance of Van Buren County,Tennessee,4707,4712,4802,4930,5018,5096
050,47,177,00000,00000,00000,0,A,Warren County,Tennessee,40950,41059,41482,42014,42655,43619
157,47,177,12380,00000,00000,1,A,Centertown town,Tennessee,298,299,303,309,314,323
157,47,177,45100,00000,00000,1,A,McMinnville city,Tennessee,13788,13806,13808,13770,13798,14032
157,47,177,50220,00000,00000,1,A,Morrison town,Tennessee,729,732,742,757,772,790
157,47,177,77400,00000,00000,1,A,Viola town,Tennessee,103,103,104,107,110,112
157,47,177,99990,00000,00000,1,F,Balance of Warren County,Tennessee,26032,26119,26525,27071,27661,28362
050,47,179,00000,00000,00000,0,A,Washington County,Tennessee,133005,133225,133473,136339,138628,139642
157,47,179,38320,00000,00000,1,A,Johnson City city (pt.),Tennessee,68901,68959,68960,70413,71224,71395
157,47,179,38540,00000,00000,1,A,Jonesborough town,Tennessee,5871,5916,5856,6152,6488,6746
157,47,179,78240,00000,00000,1,A,Watauga city (pt.),Tennessee,0,0,0,0,0,0
157,47,179,99990,00000,00000,1,S,Balance of Washington County,Tennessee,58233,58350,58657,59774,60916,61501
050,47,181,00000,00000,00000,0,A,Wayne County,Tennessee,16231,16225,16334,16259,16047,15974
157,47,181,15480,00000,00000,1,A,Clifton city,Tennessee,2657,2656,2568,2528,2263,2124
157,47,181,16480,00000,00000,1,A,Collinwood city,Tennessee,897,896,906,900,902,903
157,47,181,78600,00000,00000,1,A,Waynesboro city,Tennessee,2317,2314,2332,2318,2314,2311
157,47,181,99990,00000,00000,1,F,Balance of Wayne County,Tennessee,10360,10359,10528,10513,10568,10636
050,47,183,00000,00000,00000,0,A,Weakley County,Tennessee,32899,32897,32880,33032,33110,33162
157,47,183,21540,00000,00000,1,A,Dresden town,Tennessee,2996,2992,2934,2935,2938,2930
157,47,183,29300,00000,00000,1,A,Gleason town,Tennessee,1365,1364,1370,1370,1363,1363
157,47,183,31000,00000,00000,1,A,Greenfield city,Tennessee,2025,2024,2029,2024,2008,2017
157,47,183,44940,00000,00000,1,A,McKenzie city (pt.),Tennessee,200,200,200,200,198,198
157,47,183,46240,00000,00000,1,A,Martin city,Tennessee,10831,10829,10776,10912,11013,10989
157,47,183,67540,00000,00000,1,A,Sharon town,Tennessee,925,925,924,923,914,914
157,47,183,99990,00000,00000,1,S,Balance of Weakley County,Tennessee,14557,14563,14647,14668,14676,14751
050,47,185,00000,00000,00000,0,A,White County,Tennessee,27354,27446,27544,28004,28697,29108
157,47,185,21500,00000,00000,1,A,Doyle town,Tennessee,495,497,501,511,524,531
157,47,185,70180,00000,00000,1,A,Sparta city,Tennessee,5013,5021,4876,4878,4933,4989
157,47,185,99990,00000,00000,1,S,Balance of White County,Tennessee,21846,21928,22167,22615,23240,23588
050,47,187,00000,00000,00000,0,A,Williamson County,Tennessee,247777,249616,256155,261536,265312,269136
157,47,187,08280,00000,00000,1,A,Brentwood city,Tennessee,45384,45447,45734,45612,45425,45525
157,47,187,22360,00000,00000,1,A,Eagleville city (pt.),Tennessee,0,0,0,0,0,0
157,47,187,25440,00000,00000,1,A,Fairview city,Tennessee,9392,9515,9736,10011,10273,10535
157,47,187,27740,00000,00000,1,A,Franklin city,Tennessee,83548,84155,85972,87664,88816,89142
157,47,187,53460,00000,00000,1,A,Nolensville town,Tennessee,13829,14054,14807,15250,15482,15809
157,47,187,69420,00000,00000,1,A,Smyrna town (pt.),Tennessee,0,0,0,0,0,0
157,47,187,70580,00000,00000,1,A,Spring Hill city (pt.),Tennessee,33551,33929,35774,37029,38036,39065
157,47,187,73900,00000,00000,1,A,Thompson's Station town,Tennessee,7438,7551,7932,8287,8620,9081
157,47,187,99990,00000,00000,1,F,Balance of Williamson County,Tennessee,54635,54965,56200,57683,58660,59979
050,47,189,00000,00000,00000,0,A,Wilson County,Tennessee,147739,148651,152044,159029,164352,169948
157,47,189,41520,00000,00000,1,A,Lebanon city,Tennessee,38486,38894,41019,44276,48290,51501
157,47,189,50780,00000,00000,1,A,Mount Juliet city,Tennessee,39312,39690,40814,42681,43090,44066
157,47,189,78320,00000,00000,1,A,Watertown city,Tennessee,1552,1555,1555,1596,1613,1642
157,47,189,99990,00000,00000,1,S,Balance of Wilson County,Tennessee,68389,68512,68656,70476,71359,72739
