SUMLEV,STATE,COUNTY,PLACE,COUSUB,CONCIT,PRIMGEO_FLAG,FUNCSTAT,NAME,STNAME,ESTIMATESBASE2020,POPESTIMATE2020,POPESTIMATE2021,POPESTIMATE2022,POPESTIMATE2023,POPESTIMATE2024
040,12,000,00000,00000,00000,0,A,Florida,Florida,21538192,21592035,21831949,22379312,22904868,23372215
162,12,000,00375,00000,00000,0,A,Alachua city,Florida,10587,10580,10629,10823,10869,10856
162,12,000,00625,00000,00000,0,A,Alford town,Florida,493,492,499,506,516,519
162,12,000,00950,00000,00000,0,A,Altamonte Springs city,Florida,46254,46172,45529,45770,45731,47261
162,12,000,01000,00000,00000,0,A,Altha town,Florida,492,491,493,496,496,495
162,12,000,01475,00000,00000,0,A,Anna Maria city,Florida,968,970,988,1009,1015,1016
162,12,000,01625,00000,00000,0,A,Apalachicola city,Florida,2333,2338,2361,2396,2422,2461
162,12,000,01700,00000,00000,0,A,Apopka city,Florida,54910,54928,55622,57503,60329,62777
162,12,000,01750,00000,00000,0,A,Arcadia city,Florida,7424,7442,7505,7724,7886,7974
162,12,000,01775,00000,00000,0,A,Archer city,Florida,1143,1144,1140,1151,1166,1176
162,12,000,02250,00000,00000,0,A,Astatula town,Florida,1890,1899,1937,2008,2062,2266
162,12,000,02400,00000,00000,0,A,Atlantic Beach city,Florida,13505,13493,13353,13342,13294,13279
162,12,000,02500,00000,00000,0,A,Atlantis city,Florida,2124,2122,2112,2126,2143,2160
162,12,000,02550,00000,00000,0,A,Auburndale city,Florida,15602,15742,17366,18629,20141,20659
162,12,000,02681,00000,00000,0,A,Aventura city,Florida,40234,40043,39321,39515,40021,40531
162,12,000,02750,00000,00000,0,A,Avon Park city,Florida,9654,9662,9840,10077,10275,10415
162,12,000,03250,00000,00000,0,A,Baldwin town,Florida,1398,1397,1376,1374,1376,1385
162,12,000,03275,00000,00000,0,A,Bal Harbour village,Florida,3092,3076,3016,3028,3063,3099
162,12,000,03675,00000,00000,0,A,Bartow city,Florida,19562,19574,19785,20011,20762,22084
162,12,000,03725,00000,00000,0,A,Bascom town,Florida,88,88,88,90,91,93
162,12,000,03975,00000,00000,0,A,Bay Harbor Islands town,Florida,5921,5890,5778,5803,5870,5937
162,12,000,04150,00000,00000,0,A,Bay Lake city,Florida,23,23,22,23,22,23
162,12,000,04975,00000,00000,0,A,Bell town,Florida,510,511,526,543,566,582
162,12,000,05075,00000,00000,0,A,Belleair town,Florida,4281,4291,4329,4424,4527,4614
162,12,000,05100,00000,00000,0,A,Belleair Beach city,Florida,1634,1633,1628,1628,1626,1615
162,12,000,05125,00000,00000,0,A,Belleair Bluffs city,Florida,2316,2312,2306,2306,2300,2284
162,12,000,05150,00000,00000,0,A,Belleair Shore town,Florida,77,77,77,77,77,76
162,12,000,05200,00000,00000,0,A,Belle Glade city,Florida,16742,16723,16759,16927,17112,17363
162,12,000,05300,00000,00000,0,A,Belle Isle city,Florida,7276,7280,7222,7401,7577,7741
162,12,000,05375,00000,00000,0,A,Belleview city,Florida,5518,5546,5692,5757,5890,6156
162,12,000,06100,00000,00000,0,A,Beverly Beach town,Florida,474,474,484,490,516,520
162,12,000,06600,00000,00000,0,A,Biscayne Park village,Florida,3121,3104,3046,3063,3094,3123
162,12,000,06925,00000,00000,0,A,Blountstown city,Florida,2266,2261,2261,2261,2277,2269
162,12,000,07300,00000,00000,0,A,Boca Raton city,Florida,97436,98250,98829,100447,101421,102238
162,12,000,07450,00000,00000,0,A,Bonifay city,Florida,2768,2765,2783,2791,2827,2838
162,12,000,07525,00000,00000,0,A,Bonita Springs city,Florida,53665,53887,54908,56702,56915,57112
162,12,000,07775,00000,00000,0,A,Bowling Green city,Florida,2390,2391,2397,2422,2441,2456
162,12,000,07875,00000,00000,0,A,Boynton Beach city,Florida,80201,80474,80092,81351,82361,83095
162,12,000,07950,00000,00000,0,A,Bradenton city,Florida,55713,55815,56354,57185,57500,58184
162,12,000,07975,00000,00000,0,A,Bradenton Beach city,Florida,908,908,916,923,925,927
162,12,000,08175,00000,00000,0,A,Branford town,Florida,714,715,733,742,758,772
162,12,000,08575,00000,00000,0,A,Briny Breezes town,Florida,503,504,504,513,523,532
162,12,000,08600,00000,00000,0,A,Bristol city,Florida,922,922,911,920,931,942
162,12,000,08700,00000,00000,0,A,Bronson town,Florida,1140,1143,1170,1199,1240,1263
162,12,000,08725,00000,00000,0,A,Brooker town,Florida,320,321,323,328,334,339
162,12,000,08800,00000,00000,0,A,Brooksville city,Florida,8868,8932,9124,9506,9793,9985
162,12,000,09550,00000,00000,0,A,Bunnell city,Florida,3289,3323,3486,3633,3886,4120
162,12,000,09625,00000,00000,0,A,Bushnell city,Florida,3134,3141,3143,3208,3217,3193
162,12,000,09700,00000,00000,0,A,Callahan town,Florida,1524,1537,1543,1669,1796,1785
162,12,000,09725,00000,00000,0,A,Callaway city,Florida,13054,12979,13132,13443,13788,14138
162,12,000,09900,00000,00000,0,A,Campbellton town,Florida,193,193,195,197,201,203
162,12,000,10250,00000,00000,0,A,Cape Canaveral city,Florida,9977,9975,9964,10012,10060,10014
162,12,000,10275,00000,00000,0,A,Cape Coral city,Florida,194001,195436,204053,218013,227022,233025
162,12,000,10725,00000,00000,0,A,Carrabelle city,Florida,2619,2617,2232,2376,2396,2570
162,12,000,10975,00000,00000,0,A,Caryville town,Florida,306,306,307,311,315,318
162,12,000,11050,00000,00000,0,A,Casselberry city,Florida,28775,28940,29122,30037,30902,31650
162,12,000,11225,00000,00000,0,A,Cedar Key city,Florida,685,686,702,719,730,736
162,12,000,11325,00000,00000,0,A,Center Hill city,Florida,867,876,914,982,1034,1055
162,12,000,11362,00000,00000,0,A,Century town,Florida,1712,1719,1722,1739,1763,1780
162,12,000,11800,00000,00000,0,A,Chattahoochee city,Florida,2960,2927,2869,2975,3116,3028
162,12,000,11925,00000,00000,0,A,Chiefland city,Florida,2330,2333,2360,2384,2427,2444
162,12,000,11975,00000,00000,0,A,Chipley city,Florida,3661,3668,3661,3701,3718,3741
162,12,000,12325,00000,00000,0,A,Cinco Bayou town,Florida,457,459,461,470,473,468
162,12,000,12875,00000,00000,0,A,Clearwater city,Florida,117435,117343,117133,117344,117555,116811
162,12,000,12925,00000,00000,0,A,Clermont city,Florida,43033,43340,44609,46593,48876,50851
162,12,000,13000,00000,00000,0,A,Clewiston city,Florida,7308,7315,7292,7256,7376,7496
162,12,000,13050,00000,00000,0,A,Cloud Lake town,Florida,136,136,135,136,140,141
162,12,000,13150,00000,00000,0,A,Cocoa city,Florida,18997,19032,19311,19585,19997,19909
162,12,000,13175,00000,00000,0,A,Cocoa Beach city,Florida,11354,11348,11324,11367,11440,11386
162,12,000,13275,00000,00000,0,A,Coconut Creek city,Florida,57829,57727,57251,57912,58873,59721
162,12,000,13400,00000,00000,0,A,Coleman city,Florida,651,658,685,736,773,789
162,12,000,14125,00000,00000,0,A,Cooper City city,Florida,34398,34334,34055,34449,35031,35541
162,12,000,14250,00000,00000,0,A,Coral Gables city,Florida,49242,49752,49661,49259,49801,50379
162,12,000,14400,00000,00000,0,A,Coral Springs city,Florida,134403,134182,133159,134697,137685,140808
162,12,000,14850,00000,00000,0,A,Cottondale town,Florida,848,849,856,863,871,879
162,12,000,15375,00000,00000,0,A,Crescent City city,Florida,1659,1661,1672,1680,1705,1724
162,12,000,15475,00000,00000,0,A,Crestview city,Florida,27426,27533,27834,28320,29453,30727
162,12,000,15575,00000,00000,0,A,Cross City town,Florida,1693,1696,1727,1756,1794,1816
162,12,000,15775,00000,00000,0,A,Crystal River city,Florida,3554,3564,3617,3644,3674,3661
162,12,000,15968,00000,00000,0,A,Cutler Bay town,Florida,45427,45218,44394,44627,45216,45833
162,12,000,16125,00000,00000,0,A,Dade City city,Florida,7155,7239,7356,7744,8743,9662
162,12,000,16335,00000,00000,0,A,Dania Beach city,Florida,31774,31730,31528,31970,32568,33076
162,12,000,16450,00000,00000,0,A,Davenport city,Florida,9344,9730,10997,13561,15160,16764
162,12,000,16475,00000,00000,0,A,Davie town,Florida,105705,106032,105898,107745,110056,112052
162,12,000,16525,00000,00000,0,A,Daytona Beach city,Florida,71599,72298,75377,78436,82735,86015
162,12,000,16550,00000,00000,0,A,Daytona Beach Shores city,Florida,5117,5120,5154,5196,5214,5223
162,12,000,16675,00000,00000,0,A,DeBary city,Florida,22185,22239,22509,22928,23223,23468
162,12,000,16725,00000,00000,0,A,Deerfield Beach city,Florida,86856,86775,86523,87623,89121,90507
162,12,000,16800,00000,00000,0,A,DeFuniak Springs city,Florida,5929,5977,6301,6564,6797,7048
162,12,000,16875,00000,00000,0,A,DeLand city,Florida,37791,38225,39533,41392,43210,45587
162,12,000,17100,00000,00000,0,A,Delray Beach city,Florida,66846,66815,66672,67587,68594,70140
162,12,000,17200,00000,00000,0,A,Deltona city,Florida,93700,94046,95478,97497,99157,100513
162,12,000,17325,00000,00000,0,A,Destin city,Florida,13932,13938,14017,14166,14281,13991
162,12,000,17935,00000,00000,0,A,Doral city,Florida,75871,76212,76147,78108,81968,83625
162,12,000,18550,00000,00000,0,A,Dundee town,Florida,5237,5273,5607,6024,6096,6275
162,12,000,18575,00000,00000,0,A,Dunedin city,Florida,36088,36070,36053,36170,36140,35932
162,12,000,18675,00000,00000,0,A,Dunnellon city,Florida,1936,1943,1967,1982,2002,2043
162,12,000,18875,00000,00000,0,A,Eagle Lake city,Florida,3005,3055,3161,3539,4188,5576
162,12,000,19650,00000,00000,0,A,Eatonville town,Florida,2341,2333,2286,2298,2322,2356
162,12,000,19725,00000,00000,0,A,Ebro town,Florida,236,236,237,240,244,246
162,12,000,19825,00000,00000,0,A,Edgewater city,Florida,23113,23146,23293,23574,23753,24334
162,12,000,19900,00000,00000,0,A,Edgewood city,Florida,2691,2693,2674,2741,2805,2867
162,12,000,20650,00000,00000,0,A,El Portal village,Florida,1987,1976,1935,1939,1960,1980
162,12,000,21150,00000,00000,0,A,Estero village,Florida,36948,37055,37468,37998,38379,38443
162,12,000,21250,00000,00000,0,A,Esto town,Florida,340,339,342,342,347,350
162,12,000,21350,00000,00000,0,A,Eustis city,Florida,23209,23233,23647,24027,24596,25067
162,12,000,21425,00000,00000,0,A,Everglades city,Florida,356,358,368,380,389,396
162,12,000,21850,00000,00000,0,A,Fanning Springs city,Florida,1180,1184,1212,1266,1309,1341
162,12,000,22100,00000,00000,0,A,Fellsmere city,Florida,4830,4834,4900,4971,5007,5028
162,12,000,22175,00000,00000,0,A,Fernandina Beach city,Florida,13044,13090,13300,13403,13659,13672
162,12,000,22550,00000,00000,0,A,Flagler Beach city,Florida,5161,5161,5257,5294,5561,5568
162,12,000,22975,00000,00000,0,A,Florida City city,Florida,13068,13015,12771,12834,12992,13157
162,12,000,24000,00000,00000,0,A,Fort Lauderdale city,Florida,182644,182765,181892,184787,187872,190641
162,12,000,24100,00000,00000,0,A,Fort Meade city,Florida,5100,5101,5145,5217,5313,5341
162,12,000,24125,00000,00000,0,A,Fort Myers city,Florida,86428,87288,93307,96324,98378,99918
162,12,000,24150,00000,00000,0,A,Fort Myers Beach town,Florida,5581,5583,5624,5696,5326,5308
162,12,000,24300,00000,00000,0,A,Fort Pierce city,Florida,47575,47661,48350,48796,49791,50805
162,12,000,24475,00000,00000,0,A,Fort Walton Beach city,Florida,20923,20930,20948,21067,21055,21188
162,12,000,24500,00000,00000,0,A,Fort White town,Florida,617,621,629,638,653,669
162,12,000,24825,00000,00000,0,A,Freeport city,Florida,6021,6071,6422,6708,6963,7234
162,12,000,24900,00000,00000,0,A,Frostproof city,Florida,3211,3214,3277,3358,3430,3467
162,12,000,24975,00000,00000,0,A,Fruitland Park city,Florida,8377,8430,8651,8774,8855,8962
162,12,000,25175,00000,00000,0,A,Gainesville city,Florida,141149,142276,144077,145861,147524,148720
162,12,000,26050,00000,00000,0,A,Glen Ridge town,Florida,216,216,215,217,219,218
162,12,000,26075,00000,00000,0,A,Glen St. Mary town,Florida,468,471,475,487,493,504
162,12,000,26250,00000,00000,0,A,Golden Beach town,Florida,958,956,948,969,1004,1034
162,12,000,26550,00000,00000,0,A,Golf village,Florida,257,257,257,266,269,273
162,12,000,27000,00000,00000,0,A,Graceville city,Florida,2155,2149,2169,2192,2202,2219
162,12,000,27175,00000,00000,0,A,Grand Ridge town,Florida,885,886,896,905,914,925
162,12,000,27256,00000,00000,0,A,Grant-Valkaria town,Florida,4504,4516,4553,4722,5068,5730
162,12,000,27322,00000,00000,0,A,Greenacres city,Florida,44016,43985,43790,44161,44790,45197
162,12,000,27400,00000,00000,0,A,Green Cove Springs city,Florida,9782,9868,10022,10053,10150,10087
162,12,000,27550,00000,00000,0,A,Greensboro town,Florida,460,458,460,458,461,464
162,12,000,27575,00000,00000,0,A,Greenville town,Florida,747,747,762,765,774,774
162,12,000,27600,00000,00000,0,A,Greenwood town,Florida,544,543,549,552,557,561
162,12,000,27650,00000,00000,0,A,Gretna city,Florida,1287,1283,1280,1263,1282,1284
162,12,000,27800,00000,00000,0,A,Groveland city,Florida,18515,18887,20374,22387,23743,24602
162,12,000,28000,00000,00000,0,A,Gulf Breeze city,Florida,6298,6342,6507,6662,6830,6955
162,12,000,28175,00000,00000,0,A,Gulfport city,Florida,11774,11768,11744,11763,11733,11645
162,12,000,28275,00000,00000,0,A,Gulf Stream town,Florida,955,954,953,961,982,994
162,12,000,28400,00000,00000,0,A,Haines City city,Florida,27540,27949,29916,33735,37538,42073
162,12,000,28452,00000,00000,0,A,Hallandale Beach city,Florida,41210,41127,41095,41594,42385,43043
162,12,000,28575,00000,00000,0,A,Hampton city,Florida,463,464,469,478,490,498
162,12,000,29150,00000,00000,0,A,Havana town,Florida,1754,1748,1751,1737,1754,1756
162,12,000,29200,00000,00000,0,A,Haverhill town,Florida,2176,2174,2168,2183,2208,2225
162,12,000,29275,00000,00000,0,A,Hawthorne city,Florida,1485,1485,1482,1495,1515,1529
162,12,000,30000,00000,00000,0,A,Hialeah city,Florida,223122,222418,220957,223562,228557,235388
162,12,000,30025,00000,00000,0,A,Hialeah Gardens city,Florida,23067,22963,22563,22697,23014,23328
162,12,000,30200,00000,00000,0,A,Highland Beach town,Florida,4297,4293,4270,4301,4336,4368
162,12,000,30325,00000,00000,0,A,Highland Park village,Florida,250,250,258,267,278,285
162,12,000,30525,00000,00000,0,A,High Springs city,Florida,6222,6242,6376,6581,6713,6806
162,12,000,30700,00000,00000,0,A,Hillcrest Heights town,Florida,248,250,256,266,276,282
162,12,000,30750,00000,00000,0,A,Hilliard town,Florida,2961,2963,3015,3026,3056,3077
162,12,000,30850,00000,00000,0,A,Hillsboro Beach town,Florida,1988,1984,1964,1985,2015,2043
162,12,000,31350,00000,00000,0,A,Holly Hill city,Florida,12969,12976,13012,13113,13141,13183
162,12,000,32000,00000,00000,0,A,Hollywood city,Florida,153048,152820,152447,154149,157006,159073
162,12,000,32150,00000,00000,0,A,Holmes Beach city,Florida,3010,3011,3036,3057,3052,3049
162,12,000,32275,00000,00000,0,A,Homestead city,Florida,80737,80522,80696,82754,84331,85796
162,12,000,32650,00000,00000,0,A,Horseshoe Beach town,Florida,166,166,169,172,175,173
162,12,000,32775,00000,00000,0,A,Howey-in-the-Hills town,Florida,1642,1643,1651,1672,1684,1693
162,12,000,33150,00000,00000,0,A,Hypoluxo town,Florida,2688,2693,2727,2797,2870,2941
162,12,000,33375,00000,00000,0,A,Indialantic town,Florida,3015,3014,3042,3073,3127,3117
162,12,000,33425,00000,00000,0,A,Indian Creek village,Florida,85,85,83,84,85,89
162,12,000,33450,00000,00000,0,A,Indian Harbour Beach city,Florida,9023,9017,8998,9026,9056,9006
162,12,000,33600,00000,00000,0,A,Indian River Shores town,Florida,4246,4255,4339,4417,4480,4466
162,12,000,33625,00000,00000,0,A,Indian Rocks Beach city,Florida,3674,3672,3664,3668,3661,3637
162,12,000,33675,00000,00000,0,A,Indian Shores town,Florida,1192,1192,1199,1201,1198,1190
162,12,000,33700,00000,00000,0,A,Indiantown village,Florida,6556,6561,6622,6696,6765,6810
162,12,000,33800,00000,00000,0,A,Inglis town,Florida,1481,1486,1525,1562,1606,1622
162,12,000,33900,00000,00000,0,A,Interlachen town,Florida,1425,1429,1444,1456,1484,1508
162,12,000,33950,00000,00000,0,A,Inverness city,Florida,7543,7604,7713,7776,7868,7887
162,12,000,34132,00000,00000,0,A,"Islamorada, Village of Islands village",Florida,7127,7122,7087,7089,7049,7013
162,12,000,35000,00000,00000,0,A,Jacksonville city,Florida,949618,951925,957537,975614,993468,1009833
162,12,000,35050,00000,00000,0,A,Jacksonville Beach city,Florida,23830,23814,23553,23633,23648,23630
162,12,000,35200,00000,00000,0,A,Jacob City city,Florida,217,217,221,224,226,230
162,12,000,35375,00000,00000,0,A,Jasper city,Florida,3633,3354,2709,2737,2975,3549
162,12,000,35425,00000,00000,0,A,Jay town,Florida,526,529,543,557,572,583
162,12,000,35525,00000,00000,0,A,Jennings town,Florida,748,748,746,750,767,772
162,12,000,35850,00000,00000,0,A,Juno Beach town,Florida,3854,3851,3836,3890,3923,3969
162,12,000,35875,00000,00000,0,A,Jupiter town,Florida,61098,61183,61147,61697,62360,62987
162,12,000,35900,00000,00000,0,A,Jupiter Inlet Colony town,Florida,405,405,403,410,434,456
162,12,000,35925,00000,00000,0,A,Jupiter Island town,Florida,811,812,828,831,833,837
162,12,000,36175,00000,00000,0,A,Kenneth City town,Florida,5060,5052,5028,5023,5005,4966
162,12,000,36300,00000,00000,0,A,Key Biscayne village,Florida,14805,14746,14527,14653,14890,15111
162,12,000,36325,00000,00000,0,A,Key Colony Beach city,Florida,787,786,777,773,762,749
162,12,000,36475,00000,00000,0,A,Keystone Heights city,Florida,1442,1446,1470,1498,1539,1566
162,12,000,36550,00000,00000,0,A,Key West city,Florida,26437,26360,25986,25685,25317,25240
162,12,000,36950,00000,00000,0,A,Kissimmee city,Florida,79191,79179,79578,80798,83028,84756
162,12,000,37225,00000,00000,0,A,LaBelle city,Florida,4965,4960,5007,5113,5323,5472
162,12,000,37300,00000,00000,0,A,La Crosse town,Florida,313,314,314,316,320,324
162,12,000,37375,00000,00000,0,A,Lady Lake town,Florida,15977,16028,16296,16713,17056,17288
162,12,000,37525,00000,00000,0,A,Lake Alfred city,Florida,6521,6539,6652,7124,7420,8632
162,12,000,37625,00000,00000,0,A,Lake Buena Vista city,Florida,25,25,24,24,25,25
162,12,000,37650,00000,00000,0,A,Lake Butler city,Florida,1979,1978,2018,2012,2010,1983
162,12,000,37775,00000,00000,0,A,Lake City city,Florida,12334,12345,12392,12448,12624,12783
162,12,000,37800,00000,00000,0,A,Lake Clarke Shores town,Florida,3568,3565,3546,3571,3600,3629
162,12,000,37975,00000,00000,0,A,Lake Hamilton town,Florida,1539,1552,1563,1626,1655,2126
162,12,000,38025,00000,00000,0,A,Lake Helen city,Florida,2842,2842,2850,2926,2972,2988
162,12,000,38250,00000,00000,0,A,Lakeland city,Florida,112614,113881,117320,120604,123046,124990
162,12,000,38425,00000,00000,0,A,Lake Mary city,Florida,16833,16836,16709,16879,16895,16989
162,12,000,38600,00000,00000,0,A,Lake Park town,Florida,9072,9059,9004,9060,9125,9188
162,12,000,38625,00000,00000,0,A,Lake Placid town,Florida,2377,2379,2423,2480,2527,2561
162,12,000,38950,00000,00000,0,A,Lake Wales city,Florida,16072,16290,16419,16572,16808,17798
162,12,000,39081,00000,00000,0,A,Lake Worth Beach city,Florida,42202,42225,42614,43545,44016,44417
162,12,000,39375,00000,00000,0,A,Lantana town,Florida,11673,11661,12261,12357,12448,12545
162,12,000,39425,00000,00000,0,A,Largo city,Florida,82681,82630,82586,82835,82756,82337
162,12,000,39475,00000,00000,0,A,Lauderdale-by-the-Sea town,Florida,6193,6183,6123,6184,6282,6365
162,12,000,39525,00000,00000,0,A,Lauderdale Lakes city,Florida,35960,36054,35693,36147,36774,37333
162,12,000,39550,00000,00000,0,A,Lauderhill city,Florida,74493,74335,73627,74371,75499,76627
162,12,000,39650,00000,00000,0,A,Laurel Hill city,Florida,587,589,593,606,612,606
162,12,000,39700,00000,00000,0,A,Lawtey city,Florida,634,637,645,654,674,682
162,12,000,39725,00000,00000,0,A,Layton city,Florida,216,216,214,213,209,208
162,12,000,39750,00000,00000,0,A,Lazy Lake village,Florida,34,34,34,34,35,35
162,12,000,39850,00000,00000,0,A,Lee town,Florida,366,366,374,375,380,380
162,12,000,39875,00000,00000,0,A,Leesburg city,Florida,27011,27127,27941,29257,31913,37815
162,12,000,40450,00000,00000,0,A,Lighthouse Point city,Florida,10487,10469,10396,10523,10717,10878
162,12,000,40875,00000,00000,0,A,Live Oak city,Florida,6737,6746,6860,7033,7103,7200
162,12,000,41150,00000,00000,0,A,Longboat Key town,Florida,7506,7504,7578,7608,7545,7463
162,12,000,41250,00000,00000,0,A,Longwood city,Florida,15097,15421,15325,16907,16957,17089
162,12,000,41577,00000,00000,0,A,Loxahatchee Groves town,Florida,3353,3355,3388,3450,3505,3559
162,12,000,41825,00000,00000,0,A,Lynn Haven city,Florida,18710,18664,19064,20106,20675,21954
162,12,000,41950,00000,00000,0,A,Macclenny city,Florida,7303,7342,7532,7663,8037,8178
162,12,000,42150,00000,00000,0,A,McIntosh town,Florida,466,469,478,492,510,532
162,12,000,42400,00000,00000,0,A,Madeira Beach city,Florida,3896,3891,3883,3957,4022,4014
162,12,000,42425,00000,00000,0,A,Madison city,Florida,2910,2912,2959,2969,2998,2994
162,12,000,42575,00000,00000,0,A,Maitland city,Florida,19538,19465,18998,19526,19622,19776
162,12,000,42625,00000,00000,0,A,Malabar town,Florida,2950,2960,3014,3067,3130,3175
162,12,000,42650,00000,00000,0,A,Malone town,Florida,1855,1826,1115,1459,1434,1642
162,12,000,42700,00000,00000,0,A,Manalapan town,Florida,419,420,418,425,436,441
162,12,000,42900,00000,00000,0,A,Mangonia Park town,Florida,2146,2144,2130,2339,2622,2643
162,12,000,43000,00000,00000,0,A,Marathon city,Florida,9734,9857,9912,9895,9939,10039
162,12,000,43083,00000,00000,0,A,Marco Island city,Florida,15749,15764,15977,16273,16449,16554
162,12,000,43125,00000,00000,0,A,Margate city,Florida,58701,58607,58132,58780,59786,60650
162,12,000,43175,00000,00000,0,A,Marianna city,Florida,6262,6286,6825,7305,7388,7975
162,12,000,43250,00000,00000,0,A,Marineland town,Florida,8,8,8,9,9,9
162,12,000,43375,00000,00000,0,A,Mary Esther city,Florida,3987,3994,4021,4085,4117,4070
162,12,000,43425,00000,00000,0,A,Mascotte city,Florida,6610,6737,7320,7991,8588,9150
162,12,000,43575,00000,00000,0,A,Mayo town,Florida,1025,1028,1041,1043,1084,1087
162,12,000,43900,00000,00000,0,A,Medley town,Florida,1064,1059,1048,1059,1082,1102
162,12,000,43975,00000,00000,0,A,Melbourne city,Florida,84727,85080,86063,86737,87396,87561
162,12,000,44000,00000,00000,0,A,Melbourne Beach town,Florida,3230,3231,3230,3252,3276,3273
162,12,000,44075,00000,00000,0,A,Melbourne Village town,Florida,677,677,678,683,687,683
162,12,000,44300,00000,00000,0,A,Mexico Beach city,Florida,916,920,978,1058,1133,1210
162,12,000,45000,00000,00000,0,A,Miami city,Florida,442244,442828,441630,456736,470677,487014
162,12,000,45025,00000,00000,0,A,Miami Beach city,Florida,82897,82475,80893,81240,82248,83251
162,12,000,45060,00000,00000,0,A,Miami Gardens city,Florida,111598,111445,111583,112231,114525,116173
162,12,000,45100,00000,00000,0,A,Miami Lakes town,Florida,30460,30440,30460,31282,32269,33247
162,12,000,45175,00000,00000,0,A,Miami Shores village,Florida,11565,11694,11677,11730,11801,11917
162,12,000,45200,00000,00000,0,A,Miami Springs city,Florida,13856,13787,13516,13611,13757,13901
162,12,000,45225,00000,00000,0,A,Micanopy town,Florida,642,642,641,645,653,660
162,12,000,45425,00000,00000,0,A,Midway city,Florida,3548,3537,3530,3482,3499,3485
162,12,000,45750,00000,00000,0,A,Milton city,Florida,10213,10281,10471,10717,10982,11182
162,12,000,45900,00000,00000,0,A,Minneola city,Florida,13846,14201,14869,16162,18079,19675
162,12,000,45975,00000,00000,0,A,Miramar city,Florida,134713,134525,135386,138555,141159,143242
162,12,000,46500,00000,00000,0,A,Monticello city,Florida,2591,2600,2596,2653,2719,2754
162,12,000,46525,00000,00000,0,A,Montverde town,Florida,1657,1663,1692,1738,1775,1811
162,12,000,46550,00000,00000,0,A,Moore Haven city,Florida,1565,1574,1585,1618,1669,1711
162,12,000,47050,00000,00000,0,A,Mount Dora city,Florida,16327,16405,16718,17195,17846,18261
162,12,000,47200,00000,00000,0,A,Mulberry city,Florida,3945,3964,3998,4124,4375,4488
162,12,000,47625,00000,00000,0,A,Naples city,Florida,19117,19137,19479,19752,19987,20168
162,12,000,48100,00000,00000,0,A,Neptune Beach city,Florida,7210,7197,7089,7077,7047,7032
162,12,000,48200,00000,00000,0,A,Newberry city,Florida,7378,7406,7600,7884,8083,8326
162,12,000,48500,00000,00000,0,A,New Port Richey city,Florida,16694,16768,17074,17393,17808,18130
162,12,000,48625,00000,00000,0,A,New Smyrna Beach city,Florida,30254,30458,31185,32238,32837,33144
162,12,000,48750,00000,00000,0,A,Niceville city,Florida,15797,15859,16057,16309,16627,17919
162,12,000,48900,00000,00000,0,A,Noma town,Florida,208,208,209,209,214,215
162,12,000,49225,00000,00000,0,A,North Bay Village city,Florida,8159,8121,7970,8004,8188,8286
162,12,000,49425,00000,00000,0,A,North Lauderdale city,Florida,44790,44723,44348,44972,45699,46335
162,12,000,49450,00000,00000,0,A,North Miami city,Florida,60182,59831,59050,59751,60899,62202
162,12,000,49475,00000,00000,0,A,North Miami Beach city,Florida,43669,43452,42611,43663,44197,45655
162,12,000,49600,00000,00000,0,A,North Palm Beach village,Florida,13158,13142,13084,13193,13310,13423
162,12,000,49675,00000,00000,0,A,North Port city,Florida,74801,75496,79804,85341,89452,92875
162,12,000,49725,00000,00000,0,A,North Redington Beach town,Florida,1483,1482,1479,1478,1478,1478
162,12,000,50450,00000,00000,0,A,Oak Hill city,Florida,2014,2021,2055,2088,2138,2172
162,12,000,50525,00000,00000,0,A,Oakland town,Florida,3551,3554,3529,3622,3711,3796
162,12,000,50575,00000,00000,0,A,Oakland Park city,Florida,44321,44237,43862,44358,45112,45771
162,12,000,50750,00000,00000,0,A,Ocala city,Florida,63678,63885,64392,65655,68829,70251
162,12,000,50875,00000,00000,0,A,Ocean Breeze town,Florida,300,308,353,403,402,402
162,12,000,50950,00000,00000,0,A,Ocean Ridge town,Florida,1832,1830,1827,1847,1871,1888
162,12,000,51075,00000,00000,0,A,Ocoee city,Florida,47336,47497,47563,48588,50259,51269
162,12,000,51200,00000,00000,0,A,Okeechobee city,Florida,5244,5256,5347,5433,5620,5731
162,12,000,51350,00000,00000,0,A,Oldsmar city,Florida,14933,14920,14894,14923,14913,14831
162,12,000,51650,00000,00000,0,A,Opa-locka city,Florida,16469,16384,16069,16132,16319,16507
162,12,000,51825,00000,00000,0,A,Orange City city,Florida,12706,12777,13815,14986,15064,15257
162,12,000,52125,00000,00000,0,A,Orange Park town,Florida,9094,9089,9098,9035,9081,8993
162,12,000,52175,00000,00000,0,A,Orchid town,Florida,516,516,522,529,549,545
162,12,000,53000,00000,00000,0,A,Orlando city,Florida,307785,307868,309928,318821,327390,334854
162,12,000,53150,00000,00000,0,A,Ormond Beach city,Florida,43073,43122,43507,44152,44457,44596
162,12,000,53500,00000,00000,0,A,Otter Creek town,Florida,103,103,106,107,111,114
162,12,000,53575,00000,00000,0,A,Oviedo city,Florida,40059,40012,39517,39785,41659,41901
162,12,000,53800,00000,00000,0,A,Pahokee city,Florida,5523,5511,5495,5584,5630,5829
162,12,000,53875,00000,00000,0,A,Palatka city,Florida,10463,10472,10552,10591,10750,10867
162,12,000,54000,00000,00000,0,A,Palm Bay city,Florida,119751,120168,122994,129405,136084,142023
162,12,000,54025,00000,00000,0,A,Palm Beach town,Florida,9250,9246,9235,9314,9407,9493
162,12,000,54075,00000,00000,0,A,Palm Beach Gardens city,Florida,59176,59248,59552,60678,62113,63284
162,12,000,54150,00000,00000,0,A,Palm Beach Shores town,Florida,1337,1336,1331,1340,1349,1359
162,12,000,54200,00000,00000,0,A,Palm Coast city,Florida,89230,89721,93802,98604,102450,106729
162,12,000,54250,00000,00000,0,A,Palmetto city,Florida,13314,13333,13509,13679,13696,13682
162,12,000,54275,00000,00000,0,A,Palmetto Bay village,Florida,24445,24327,23870,24592,25059,25402
162,12,000,54425,00000,00000,0,A,Palm Shores town,Florida,1197,1199,1198,1204,1212,1210
162,12,000,54450,00000,00000,0,A,Palm Springs village,Florida,26868,26881,26747,27066,27554,28548
162,12,000,54700,00000,00000,0,A,Panama City city,Florida,33047,32858,34178,34861,35969,37024
162,12,000,54725,00000,00000,0,A,Panama City Beach city,Florida,18079,17987,18339,19077,19536,19955
162,12,000,55075,00000,00000,0,A,Parker city,Florida,4008,3981,4507,4572,4670,4801
162,12,000,55125,00000,00000,0,A,Parkland city,Florida,34673,34911,35341,37235,38677,39700
162,12,000,55475,00000,00000,0,A,Paxton town,Florida,556,561,593,619,642,668
162,12,000,55750,00000,00000,0,A,Pembroke Park town,Florida,6253,6244,6209,6304,6431,6544
162,12,000,55775,00000,00000,0,A,Pembroke Pines city,Florida,171185,171086,169400,171573,174694,179326
162,12,000,55875,00000,00000,0,A,Penney Farms town,Florida,822,825,827,833,840,835
162,12,000,55925,00000,00000,0,A,Pensacola city,Florida,54319,54481,53982,53991,53840,53898
162,12,000,56150,00000,00000,0,A,Perry city,Florida,6863,6861,6877,6980,7305,7306
162,12,000,56425,00000,00000,0,A,Pierson town,Florida,1540,1541,1547,1558,1562,1563
162,12,000,56625,00000,00000,0,A,Pinecrest village,Florida,18385,18318,18033,18239,18648,18981
162,12,000,56975,00000,00000,0,A,Pinellas Park city,Florida,53110,53393,53332,53808,53789,53503
162,12,000,57425,00000,00000,0,A,Plantation city,Florida,91779,92088,93210,96960,98542,100694
162,12,000,57550,00000,00000,0,A,Plant City city,Florida,39852,39783,39812,40696,41144,43046
162,12,000,57950,00000,00000,0,A,Polk City town,Florida,2733,2772,2966,3007,3055,3076
162,12,000,58025,00000,00000,0,A,Pomona Park town,Florida,781,782,790,797,812,824
162,12,000,58050,00000,00000,0,A,Pompano Beach city,Florida,112057,111964,111522,113372,115903,118104
162,12,000,58175,00000,00000,0,A,Ponce de Leon town,Florida,502,501,507,510,516,518
162,12,000,58200,00000,00000,0,A,Ponce Inlet town,Florida,3367,3372,3400,3442,3468,3485
162,12,000,58575,00000,00000,0,A,Port Orange city,Florida,62621,62734,63348,65032,66264,66556
162,12,000,58600,00000,00000,0,A,Port Richey city,Florida,3055,3084,3226,3364,3505,3637
162,12,000,58675,00000,00000,0,A,Port St. Joe city,Florida,3361,3357,3455,3610,3778,3856
162,12,000,58715,00000,00000,0,A,Port St. Lucie city,Florida,204859,206828,217895,232467,246695,258575
162,12,000,59200,00000,00000,0,A,Punta Gorda city,Florida,19600,19658,20111,20789,20441,20416
162,12,000,59325,00000,00000,0,A,Quincy city,Florida,8032,7896,7865,7794,8015,8119
162,12,000,59400,00000,00000,0,A,Raiford town,Florida,218,218,223,225,226,224
162,12,000,59675,00000,00000,0,A,Reddick town,Florida,448,451,462,478,494,516
162,12,000,59725,00000,00000,0,A,Redington Beach town,Florida,1380,1379,1372,1378,1382,1383
162,12,000,59750,00000,00000,0,A,Redington Shores town,Florida,2178,2176,2168,2178,2176,2167
162,12,000,60975,00000,00000,0,A,Riviera Beach city,Florida,37592,37609,38148,38658,39277,39620
162,12,000,61500,00000,00000,0,A,Rockledge city,Florida,27683,27706,28346,28546,29575,31429
162,12,000,62100,00000,00000,0,A,Royal Palm Beach village,Florida,39441,39515,39529,40102,40625,41948
162,12,000,62425,00000,00000,0,A,Safety Harbor city,Florida,17070,17059,17035,17075,17066,16972
162,12,000,62500,00000,00000,0,A,St. Augustine city,Florida,14319,14687,15140,15257,15559,16033
162,12,000,62525,00000,00000,0,A,St. Augustine Beach city,Florida,6799,6836,6973,6889,6816,6808
162,12,000,62625,00000,00000,0,A,St. Cloud city,Florida,58974,59451,62150,65120,67895,71036
162,12,000,62775,00000,00000,0,A,St. Leo town,Florida,2380,2493,2606,2654,2470,2472
162,12,000,62800,00000,00000,0,A,St. Lucie Village town,Florida,610,610,614,611,613,615
162,12,000,62825,00000,00000,0,A,St. Marks city,Florida,277,279,286,294,306,312
162,12,000,62885,00000,00000,0,A,St. Pete Beach city,Florida,8881,8868,8830,8821,8783,8730
162,12,000,63000,00000,00000,0,A,St. Petersburg city,Florida,258344,259271,259598,262502,265083,267102
162,12,000,63375,00000,00000,0,A,San Antonio city,Florida,1294,1301,1349,1432,1492,1577
162,12,000,63650,00000,00000,0,A,Sanford city,Florida,61077,61098,61072,63430,66036,66919
162,12,000,63700,00000,00000,0,A,Sanibel city,Florida,6385,6389,6440,6524,6410,6358
162,12,000,64175,00000,00000,0,A,Sarasota city,Florida,54851,55198,56197,57688,58061,57764
162,12,000,64400,00000,00000,0,A,Satellite Beach city,Florida,11226,11230,11260,11298,11390,11367
162,12,000,64725,00000,00000,0,A,Sea Ranch Lakes village,Florida,540,539,537,547,564,575
162,12,000,64825,00000,00000,0,A,Sebastian city,Florida,25034,25125,25693,26411,26953,27087
162,12,000,64875,00000,00000,0,A,Sebring city,Florida,10982,10983,11131,11425,11621,11795
162,12,000,64975,00000,00000,0,A,Seminole city,Florida,19414,19416,19382,19407,19385,19395
162,12,000,65225,00000,00000,0,A,Sewall's Point town,Florida,1992,1996,2019,2054,2076,2072
162,12,000,65425,00000,00000,0,A,Shalimar town,Florida,738,740,744,758,764,757
162,12,000,66725,00000,00000,0,A,Sneads town,Florida,1703,1702,1724,1743,1761,1780
162,12,000,66925,00000,00000,0,A,Sopchoppy city,Florida,422,424,435,448,465,476
162,12,000,67175,00000,00000,0,A,South Bay city,Florida,5082,4997,5100,5116,5144,5160
162,12,000,67325,00000,00000,0,A,South Daytona city,Florida,12851,12976,13325,13684,13841,13906
162,12,000,67550,00000,00000,0,A,South Miami city,Florida,12022,11977,11803,11916,12466,13207
162,12,000,67650,00000,00000,0,A,South Palm Beach town,Florida,1471,1469,1460,1469,1480,1491
162,12,000,67675,00000,00000,0,A,South Pasadena city,Florida,5355,5348,5332,5334,5317,5280
162,12,000,68135,00000,00000,0,A,Southwest Ranches town,Florida,7604,7588,7520,7599,7722,7827
162,12,000,68275,00000,00000,0,A,Springfield city,Florida,8094,8035,8069,8190,8335,8495
162,12,000,68525,00000,00000,0,A,Starke city,Florida,5789,5798,5811,5857,5933,5966
162,12,000,68875,00000,00000,0,A,Stuart city,Florida,17432,17542,17697,18286,19533,19566
162,12,000,69555,00000,00000,0,A,Sunny Isles Beach city,Florida,22342,22258,22122,22326,22614,22903
162,12,000,69700,00000,00000,0,A,Sunrise city,Florida,97294,97097,96220,97248,98782,100128
162,12,000,70075,00000,00000,0,A,Surfside town,Florida,5681,5652,5544,5567,5652,5719
162,12,000,70345,00000,00000,0,A,Sweetwater city,Florida,19365,19274,18927,19873,21018,21321
162,12,000,70600,00000,00000,0,A,Tallahassee city,Florida,196181,197934,200269,202316,203665,205089
162,12,000,70675,00000,00000,0,A,Tamarac city,Florida,71903,71914,71712,72622,73863,75147
162,12,000,71000,00000,00000,0,A,Tampa city,Florida,385288,388564,393609,401611,409742,414547
162,12,000,71150,00000,00000,0,A,Tarpon Springs city,Florida,25140,25153,25617,25956,26031,26168
162,12,000,71225,00000,00000,0,A,Tavares city,Florida,18999,19019,19751,20408,21168,22007
162,12,000,71400,00000,00000,0,A,Temple Terrace city,Florida,26721,26729,27172,27432,27435,27588
162,12,000,71525,00000,00000,0,A,Tequesta village,Florida,6163,6158,6121,6160,6232,6285
162,12,000,71900,00000,00000,0,A,Titusville city,Florida,48797,48821,48967,49432,49896,49883
162,12,000,72325,00000,00000,0,A,Treasure Island city,Florida,6582,6575,6565,6577,6562,6524
162,12,000,72350,00000,00000,0,A,Trenton city,Florida,2019,2029,2074,2141,2213,2267
162,12,000,73025,00000,00000,0,A,Umatilla city,Florida,3741,3747,3776,3838,3912,3976
162,12,000,73675,00000,00000,0,A,Valparaiso city,Florida,4755,4769,4956,4973,4900,4852
162,12,000,73900,00000,00000,0,A,Venice city,Florida,25466,25599,26289,27373,28325,29902
162,12,000,74125,00000,00000,0,A,Vernon city,Florida,722,725,723,734,738,744
162,12,000,74150,00000,00000,0,A,Vero Beach city,Florida,16357,16426,16764,17121,17377,17556
162,12,000,74575,00000,00000,0,A,Virginia Gardens village,Florida,2362,2349,2303,2310,2335,2358
162,12,000,74925,00000,00000,0,A,Waldo city,Florida,845,843,833,831,824,824
162,12,000,75375,00000,00000,0,A,Wauchula city,Florida,4893,4894,4902,4941,4958,4984
162,12,000,75450,00000,00000,0,A,Wausau town,Florida,374,374,377,383,387,390
162,12,000,75600,00000,00000,0,A,Webster city,Florida,792,799,834,898,944,965
162,12,000,75750,00000,00000,0,A,Welaka town,Florida,721,723,730,735,749,763
162,12,000,75812,00000,00000,0,A,Wellington village,Florida,61609,61573,61365,61954,62609,63258
162,12,000,76417,00000,00000,0,A,Westlake city,Florida,913,1050,2162,4249,6072,7664
162,12,000,76500,00000,00000,0,A,West Melbourne city,Florida,25934,26579,27906,28884,29257,31378
162,12,000,76525,00000,00000,0,A,West Miami city,Florida,7236,7214,7075,7099,7171,7247
162,12,000,76582,00000,00000,0,A,Weston city,Florida,68114,68008,67488,68353,69591,70674
162,12,000,76600,00000,00000,0,A,West Palm Beach city,Florida,117321,117512,117924,122120,126017,127744
162,12,000,76658,00000,00000,0,A,West Park city,Florida,15131,15102,14982,15161,15418,15641
162,12,000,76975,00000,00000,0,A,Westville town,Florida,260,260,261,264,267,268
162,12,000,77100,00000,00000,0,A,Wewahitchka city,Florida,2072,2076,2090,2133,2186,2188
162,12,000,77400,00000,00000,0,A,White Springs town,Florida,737,737,734,742,761,760
162,12,000,77675,00000,00000,0,A,Wildwood city,Florida,15807,15967,16609,17785,18658,19031
162,12,000,77825,00000,00000,0,A,Williston city,Florida,2973,2979,3051,3090,3207,3433
162,12,000,78000,00000,00000,0,A,Wilton Manors city,Florida,11433,11436,11338,11465,11641,11788
162,12,000,78050,00000,00000,0,A,Windermere town,Florida,3029,3031,3008,3082,3155,3223
162,12,000,78250,00000,00000,0,A,Winter Garden city,Florida,47400,47483,47008,47876,48313,48771
162,12,000,78275,00000,00000,0,A,Winter Haven city,Florida,50208,50603,52744,55222,57480,59975
162,12,000,78300,00000,00000,0,A,Winter Park city,Florida,29805,30019,29789,30190,30522,30835
162,12,000,78325,00000,00000,0,A,Winter Springs city,Florida,38357,38382,38256,38923,39372,39822
162,12,000,78775,00000,00000,0,A,Worthington Springs town,Florida,376,377,384,384,384,380
162,12,000,78925,00000,00000,0,A,Yankeetown town,Florida,588,590,604,618,629,633
162,12,000,79225,00000,00000,0,A,Zephyrhills city,Florida,17218,17353,18275,19365,21007,22304
162,12,000,79250,00000,00000,0,A,Zolfo Springs town,Florida,1729,1731,1736,1753,1748,1761
050,12,001,00000,00000,00000,0,A,Alachua County,Florida,278474,279765,281710,285241,288962,291782
157,12,001,00375,00000,00000,1,A,Alachua city,Florida,10587,10580,10629,10823,10869,10856
157,12,001,01775,00000,00000,1,A,Archer city,Florida,1143,1144,1140,1151,1166,1176
157,12,001,25175,00000,00000,1,A,Gainesville city,Florida,141149,142276,144077,145861,147524,148720
157,12,001,29275,00000,00000,1,A,Hawthorne city,Florida,1485,1485,1482,1495,1515,1529
157,12,001,30525,00000,00000,1,A,High Springs city,Florida,6222,6242,6376,6581,6713,6806
157,12,001,37300,00000,00000,1,A,La Crosse town,Florida,313,314,314,316,320,324
157,12,001,45225,00000,00000,1,A,Micanopy town,Florida,642,642,641,645,653,660
157,12,001,48200,00000,00000,1,A,Newberry city,Florida,7378,7406,7600,7884,8083,8326
157,12,001,74925,00000,00000,1,A,Waldo city,Florida,845,843,833,831,824,824
157,12,001,99990,00000,00000,1,F,Balance of Alachua County,Florida,108710,108833,108618,109654,111295,112561
050,12,003,00000,00000,00000,0,A,Baker County,Florida,28264,28122,28378,27781,28542,29325
157,12,003,26075,00000,00000,1,A,Glen St. Mary town,Florida,468,471,475,487,493,504
157,12,003,41950,00000,00000,1,A,Macclenny city,Florida,7303,7342,7532,7663,8037,8178
157,12,003,99990,00000,00000,1,F,Balance of Baker County,Florida,20493,20309,20371,19631,20012,20643
050,12,005,00000,00000,00000,0,A,Bay County,Florida,175210,174543,179548,185732,192422,199718
157,12,005,09725,00000,00000,1,A,Callaway city,Florida,13054,12979,13132,13443,13788,14138
157,12,005,41825,00000,00000,1,A,Lynn Haven city,Florida,18710,18664,19064,20106,20675,21954
157,12,005,44300,00000,00000,1,A,Mexico Beach city,Florida,916,920,978,1058,1133,1210
157,12,005,54700,00000,00000,1,A,Panama City city,Florida,33047,32858,34178,34861,35969,37024
157,12,005,54725,00000,00000,1,A,Panama City Beach city,Florida,18079,17987,18339,19077,19536,19955
157,12,005,55075,00000,00000,1,A,Parker city,Florida,4008,3981,4507,4572,4670,4801
157,12,005,68275,00000,00000,1,A,Springfield city,Florida,8094,8035,8069,8190,8335,8495
157,12,005,99990,00000,00000,1,S,Balance of Bay County,Florida,79302,79119,81281,84425,88316,92141
050,12,007,00000,00000,00000,0,A,Bradford County,Florida,28305,28229,28057,27275,27788,28075
157,12,007,08725,00000,00000,1,A,Brooker town,Florida,320,321,323,328,334,339
157,12,007,28575,00000,00000,1,A,Hampton city,Florida,463,464,469,478,490,498
157,12,007,39700,00000,00000,1,A,Lawtey city,Florida,634,637,645,654,674,682
157,12,007,68525,00000,00000,1,A,Starke city,Florida,5789,5798,5811,5857,5933,5966
157,12,007,99990,00000,00000,1,F,Balance of Bradford County,Florida,21099,21009,20809,19958,20357,20590
050,12,009,00000,00000,00000,0,A,Brevard County,Florida,606607,608792,618000,631956,646705,658447
157,12,009,10250,00000,00000,1,A,Cape Canaveral city,Florida,9977,9975,9964,10012,10060,10014
157,12,009,13150,00000,00000,1,A,Cocoa city,Florida,18997,19032,19311,19585,19997,19909
157,12,009,13175,00000,00000,1,A,Cocoa Beach city,Florida,11354,11348,11324,11367,11440,11386
157,12,009,27256,00000,00000,1,A,Grant-Valkaria town,Florida,4504,4516,4553,4722,5068,5730
157,12,009,33375,00000,00000,1,A,Indialantic town,Florida,3015,3014,3042,3073,3127,3117
157,12,009,33450,00000,00000,1,A,Indian Harbour Beach city,Florida,9023,9017,8998,9026,9056,9006
157,12,009,42625,00000,00000,1,A,Malabar town,Florida,2950,2960,3014,3067,3130,3175
157,12,009,43975,00000,00000,1,A,Melbourne city,Florida,84727,85080,86063,86737,87396,87561
157,12,009,44000,00000,00000,1,A,Melbourne Beach town,Florida,3230,3231,3230,3252,3276,3273
157,12,009,44075,00000,00000,1,A,Melbourne Village town,Florida,677,677,678,683,687,683
157,12,009,54000,00000,00000,1,A,Palm Bay city,Florida,119751,120168,122994,129405,136084,142023
157,12,009,54425,00000,00000,1,A,Palm Shores town,Florida,1197,1199,1198,1204,1212,1210
157,12,009,61500,00000,00000,1,A,Rockledge city,Florida,27683,27706,28346,28546,29575,31429
157,12,009,64400,00000,00000,1,A,Satellite Beach city,Florida,11226,11230,11260,11298,11390,11367
157,12,009,71900,00000,00000,1,A,Titusville city,Florida,48797,48821,48967,49432,49896,49883
157,12,009,76500,00000,00000,1,A,West Melbourne city,Florida,25934,26579,27906,28884,29257,31378
157,12,009,99990,00000,00000,1,S,Balance of Brevard County,Florida,223565,224239,227152,231663,236054,237303
050,12,011,00000,00000,00000,0,A,Broward County,Florida,1944404,1943497,1935655,1966237,2002786,2037472
157,12,011,13275,00000,00000,1,A,Coconut Creek city,Florida,57829,57727,57251,57912,58873,59721
157,12,011,14125,00000,00000,1,A,Cooper City city,Florida,34398,34334,34055,34449,35031,35541
157,12,011,14400,00000,00000,1,A,Coral Springs city,Florida,134403,134182,133159,134697,137685,140808
157,12,011,16335,00000,00000,1,A,Dania Beach city,Florida,31774,31730,31528,31970,32568,33076
157,12,011,16475,00000,00000,1,A,Davie town,Florida,105705,106032,105898,107745,110056,112052
157,12,011,16725,00000,00000,1,A,Deerfield Beach city,Florida,86856,86775,86523,87623,89121,90507
157,12,011,24000,00000,00000,1,A,Fort Lauderdale city,Florida,182644,182765,181892,184787,187872,190641
157,12,011,28452,00000,00000,1,A,Hallandale Beach city,Florida,41210,41127,41095,41594,42385,43043
157,12,011,30850,00000,00000,1,A,Hillsboro Beach town,Florida,1988,1984,1964,1985,2015,2043
157,12,011,32000,00000,00000,1,A,Hollywood city,Florida,153048,152820,152447,154149,157006,159073
157,12,011,39475,00000,00000,1,A,Lauderdale-by-the-Sea town,Florida,6193,6183,6123,6184,6282,6365
157,12,011,39525,00000,00000,1,A,Lauderdale Lakes city,Florida,35960,36054,35693,36147,36774,37333
157,12,011,39550,00000,00000,1,A,Lauderhill city,Florida,74493,74335,73627,74371,75499,76627
157,12,011,39750,00000,00000,1,A,Lazy Lake village,Florida,34,34,34,34,35,35
157,12,011,40450,00000,00000,1,A,Lighthouse Point city,Florida,10487,10469,10396,10523,10717,10878
157,12,011,43125,00000,00000,1,A,Margate city,Florida,58701,58607,58132,58780,59786,60650
157,12,011,45975,00000,00000,1,A,Miramar city,Florida,134713,134525,135386,138555,141159,143242
157,12,011,49425,00000,00000,1,A,North Lauderdale city,Florida,44790,44723,44348,44972,45699,46335
157,12,011,50575,00000,00000,1,A,Oakland Park city,Florida,44321,44237,43862,44358,45112,45771
157,12,011,55125,00000,00000,1,A,Parkland city,Florida,34673,34911,35341,37235,38677,39700
157,12,011,55750,00000,00000,1,A,Pembroke Park town,Florida,6253,6244,6209,6304,6431,6544
157,12,011,55775,00000,00000,1,A,Pembroke Pines city,Florida,171185,171086,169400,171573,174694,179326
157,12,011,57425,00000,00000,1,A,Plantation city,Florida,91779,92088,93210,96960,98542,100694
157,12,011,58050,00000,00000,1,A,Pompano Beach city,Florida,112057,111964,111522,113372,115903,118104
157,12,011,64725,00000,00000,1,A,Sea Ranch Lakes village,Florida,540,539,537,547,564,575
157,12,011,68135,00000,00000,1,A,Southwest Ranches town,Florida,7604,7588,7520,7599,7722,7827
157,12,011,69700,00000,00000,1,A,Sunrise city,Florida,97294,97097,96220,97248,98782,100128
157,12,011,70675,00000,00000,1,A,Tamarac city,Florida,71903,71914,71712,72622,73863,75147
157,12,011,76582,00000,00000,1,A,Weston city,Florida,68114,68008,67488,68353,69591,70674
157,12,011,76658,00000,00000,1,A,West Park city,Florida,15131,15102,14982,15161,15418,15641
157,12,011,78000,00000,00000,1,A,Wilton Manors city,Florida,11433,11436,11338,11465,11641,11788
157,12,011,99990,00000,00000,1,S,Balance of Broward County,Florida,16891,16877,16763,16963,17283,17583
050,12,013,00000,00000,00000,0,A,Calhoun County,Florida,13642,13704,13520,13462,13497,13278
157,12,013,01000,00000,00000,1,A,Altha town,Florida,492,491,493,496,496,495
157,12,013,06925,00000,00000,1,A,Blountstown city,Florida,2266,2261,2261,2261,2277,2269
157,12,013,99990,00000,00000,1,F,Balance of Calhoun County,Florida,10884,10952,10766,10705,10724,10514
050,12,015,00000,00000,00000,0,A,Charlotte County,Florida,186824,188017,194982,203113,207085,212122
157,12,015,59200,00000,00000,1,A,Punta Gorda city,Florida,19600,19658,20111,20789,20441,20416
157,12,015,99990,00000,00000,1,S,Balance of Charlotte County,Florida,167224,168359,174871,182324,186644,191706
050,12,017,00000,00000,00000,0,A,Citrus County,Florida,153845,154569,158193,162586,166836,170174
157,12,017,15775,00000,00000,1,A,Crystal River city,Florida,3554,3564,3617,3644,3674,3661
157,12,017,33950,00000,00000,1,A,Inverness city,Florida,7543,7604,7713,7776,7868,7887
157,12,017,99990,00000,00000,1,S,Balance of Citrus County,Florida,142748,143401,146863,151166,155294,158626
050,12,019,00000,00000,00000,0,A,Clay County,Florida,218245,218956,222671,226797,232734,236760
157,12,019,27400,00000,00000,1,A,Green Cove Springs city,Florida,9782,9868,10022,10053,10150,10087
157,12,019,36475,00000,00000,1,A,Keystone Heights city,Florida,1442,1446,1470,1498,1539,1566
157,12,019,52125,00000,00000,1,A,Orange Park town,Florida,9094,9089,9098,9035,9081,8993
157,12,019,55875,00000,00000,1,A,Penney Farms town,Florida,822,825,827,833,840,835
157,12,019,99990,00000,00000,1,S,Balance of Clay County,Florida,197105,197728,201254,205378,211124,215279
050,12,021,00000,00000,00000,0,A,Collier County,Florida,375761,377331,387316,400510,410065,416233
157,12,021,21425,00000,00000,1,A,Everglades city,Florida,356,358,368,380,389,396
157,12,021,43083,00000,00000,1,A,Marco Island city,Florida,15749,15764,15977,16273,16449,16554
157,12,021,47625,00000,00000,1,A,Naples city,Florida,19117,19137,19479,19752,19987,20168
157,12,021,99990,00000,00000,1,S,Balance of Collier County,Florida,340539,342072,351492,364105,373240,379115
050,12,023,00000,00000,00000,0,A,Columbia County,Florida,69698,69760,69945,71941,73324,73977
157,12,023,24500,00000,00000,1,A,Fort White town,Florida,617,621,629,638,653,669
157,12,023,37775,00000,00000,1,A,Lake City city,Florida,12334,12345,12392,12448,12624,12783
157,12,023,99990,00000,00000,1,S,Balance of Columbia County,Florida,56747,56794,56924,58855,60047,60525
050,12,027,00000,00000,00000,0,A,DeSoto County,Florida,33975,34089,34341,35483,36274,36744
157,12,027,01750,00000,00000,1,A,Arcadia city,Florida,7424,7442,7505,7724,7886,7974
157,12,027,99990,00000,00000,1,S,Balance of DeSoto County,Florida,26551,26647,26836,27759,28388,28770
050,12,029,00000,00000,00000,0,A,Dixie County,Florida,16756,16685,16929,16839,17221,17614
157,12,029,15575,00000,00000,1,A,Cross City town,Florida,1693,1696,1727,1756,1794,1816
157,12,029,32650,00000,00000,1,A,Horseshoe Beach town,Florida,166,166,169,172,175,173
157,12,029,99990,00000,00000,1,F,Balance of Dixie County,Florida,14897,14823,15033,14911,15252,15625
050,12,031,00000,00000,00000,0,C,Duval County,Florida,995561,997826,1002908,1021040,1038833,1055159
157,12,031,02400,00000,00000,1,A,Atlantic Beach city,Florida,13505,13493,13353,13342,13294,13279
157,12,031,03250,00000,00000,1,A,Baldwin town,Florida,1398,1397,1376,1374,1376,1385
157,12,031,35000,00000,00000,1,A,Jacksonville city,Florida,949618,951925,957537,975614,993468,1009833
157,12,031,35050,00000,00000,1,A,Jacksonville Beach city,Florida,23830,23814,23553,23633,23648,23630
157,12,031,48100,00000,00000,1,A,Neptune Beach city,Florida,7210,7197,7089,7077,7047,7032
050,12,033,00000,00000,00000,0,A,Escambia County,Florida,321904,322612,323468,324227,328034,331275
157,12,033,11362,00000,00000,1,A,Century town,Florida,1712,1719,1722,1739,1763,1780
157,12,033,55925,00000,00000,1,A,Pensacola city,Florida,54319,54481,53982,53991,53840,53898
157,12,033,99990,00000,00000,1,S,Balance of Escambia County,Florida,265873,266412,267764,268497,272431,275597
050,12,035,00000,00000,00000,0,A,Flagler County,Florida,115375,116032,120996,126974,131892,136744
157,12,035,06100,00000,00000,1,A,Beverly Beach town,Florida,474,474,484,490,516,520
157,12,035,09550,00000,00000,1,A,Bunnell city,Florida,3289,3323,3486,3633,3886,4120
157,12,035,22550,00000,00000,1,A,Flagler Beach city (pt.),Florida,5091,5091,5186,5222,5484,5490
157,12,035,43250,00000,00000,1,A,Marineland town (pt.),Florida,7,7,7,8,8,8
157,12,035,54200,00000,00000,1,A,Palm Coast city,Florida,89230,89721,93802,98604,102450,106729
157,12,035,99990,00000,00000,1,F,Balance of Flagler County,Florida,17284,17416,18031,19017,19548,19877
050,12,037,00000,00000,00000,0,A,Franklin County,Florida,12454,12474,12194,12491,12628,12979
157,12,037,01625,00000,00000,1,A,Apalachicola city,Florida,2333,2338,2361,2396,2422,2461
157,12,037,10725,00000,00000,1,A,Carrabelle city,Florida,2619,2617,2232,2376,2396,2570
157,12,037,99990,00000,00000,1,S,Balance of Franklin County,Florida,7502,7519,7601,7719,7810,7948
050,12,039,00000,00000,00000,0,A,Gadsden County,Florida,43819,43408,43502,43389,44100,44151
157,12,039,11800,00000,00000,1,A,Chattahoochee city,Florida,2960,2927,2869,2975,3116,3028
157,12,039,27550,00000,00000,1,A,Greensboro town,Florida,460,458,460,458,461,464
157,12,039,27650,00000,00000,1,A,Gretna city,Florida,1287,1283,1280,1263,1282,1284
157,12,039,29150,00000,00000,1,A,Havana town,Florida,1754,1748,1751,1737,1754,1756
157,12,039,45425,00000,00000,1,A,Midway city,Florida,3548,3537,3530,3482,3499,3485
157,12,039,59325,00000,00000,1,A,Quincy city,Florida,8032,7896,7865,7794,8015,8119
157,12,039,99990,00000,00000,1,F,Balance of Gadsden County,Florida,25778,25559,25747,25680,25973,26015
050,12,041,00000,00000,00000,0,A,Gilchrist County,Florida,17860,17885,18319,19027,19735,20233
157,12,041,04975,00000,00000,1,A,Bell town,Florida,510,511,526,543,566,582
157,12,041,21850,00000,00000,1,A,Fanning Springs city (pt.),Florida,481,482,492,507,523,535
157,12,041,72350,00000,00000,1,A,Trenton city,Florida,2019,2029,2074,2141,2213,2267
157,12,041,99990,00000,00000,1,S,Balance of Gilchrist County,Florida,14850,14863,15227,15836,16433,16849
050,12,043,00000,00000,00000,0,A,Glades County,Florida,12126,12079,12269,12496,12839,13132
157,12,043,46550,00000,00000,1,A,Moore Haven city,Florida,1565,1574,1585,1618,1669,1711
157,12,043,99990,00000,00000,1,S,Balance of Glades County,Florida,10561,10505,10684,10878,11170,11421
050,12,045,00000,00000,00000,0,A,Gulf County,Florida,14195,14259,14462,15302,15757,15876
157,12,045,58675,00000,00000,1,A,Port St. Joe city,Florida,3361,3357,3455,3610,3778,3856
157,12,045,77100,00000,00000,1,A,Wewahitchka city,Florida,2072,2076,2090,2133,2186,2188
157,12,045,99990,00000,00000,1,F,Balance of Gulf County,Florida,8762,8826,8917,9559,9793,9832
050,12,047,00000,00000,00000,0,A,Hamilton County,Florida,14004,13736,13073,13216,13721,14334
157,12,047,35375,00000,00000,1,A,Jasper city,Florida,3633,3354,2709,2737,2975,3549
157,12,047,35525,00000,00000,1,A,Jennings town,Florida,748,748,746,750,767,772
157,12,047,77400,00000,00000,1,A,White Springs town,Florida,737,737,734,742,761,760
157,12,047,99990,00000,00000,1,F,Balance of Hamilton County,Florida,8886,8897,8884,8987,9218,9253
050,12,049,00000,00000,00000,0,A,Hardee County,Florida,25332,25341,25328,25692,25944,26068
157,12,049,07775,00000,00000,1,A,Bowling Green city,Florida,2390,2391,2397,2422,2441,2456
157,12,049,75375,00000,00000,1,A,Wauchula city,Florida,4893,4894,4902,4941,4958,4984
157,12,049,79250,00000,00000,1,A,Zolfo Springs town,Florida,1729,1731,1736,1753,1748,1761
157,12,049,99990,00000,00000,1,S,Balance of Hardee County,Florida,16320,16325,16293,16576,16797,16867
050,12,051,00000,00000,00000,0,A,Hendry County,Florida,39619,39723,40221,41725,44111,46130
157,12,051,13000,00000,00000,1,A,Clewiston city,Florida,7308,7315,7292,7256,7376,7496
157,12,051,37225,00000,00000,1,A,LaBelle city,Florida,4965,4960,5007,5113,5323,5472
157,12,051,99990,00000,00000,1,S,Balance of Hendry County,Florida,27346,27448,27922,29356,31412,33162
050,12,053,00000,00000,00000,0,A,Hernando County,Florida,194510,195629,200727,207169,213415,218150
157,12,053,08800,00000,00000,1,A,Brooksville city,Florida,8868,8932,9124,9506,9793,9985
157,12,053,99990,00000,00000,1,S,Balance of Hernando County,Florida,185642,186697,191603,197663,203622,208165
050,12,055,00000,00000,00000,0,A,Highlands County,Florida,101232,101340,103286,105954,108151,109778
157,12,055,02750,00000,00000,1,A,Avon Park city,Florida,9654,9662,9840,10077,10275,10415
157,12,055,38625,00000,00000,1,A,Lake Placid town,Florida,2377,2379,2423,2480,2527,2561
157,12,055,64875,00000,00000,1,A,Sebring city,Florida,10982,10983,11131,11425,11621,11795
157,12,055,99990,00000,00000,1,F,Balance of Highlands County,Florida,78219,78316,79892,81972,83728,85007
050,12,057,00000,00000,00000,0,A,Hillsborough County,Florida,1459774,1466320,1484844,1523839,1557313,1581426
157,12,057,57550,00000,00000,1,A,Plant City city,Florida,39852,39783,39812,40696,41144,43046
157,12,057,71000,00000,00000,1,A,Tampa city,Florida,385288,388564,393609,401611,409742,414547
157,12,057,71400,00000,00000,1,A,Temple Terrace city,Florida,26721,26729,27172,27432,27435,27588
157,12,057,99990,00000,00000,1,S,Balance of Hillsborough County,Florida,1007913,1011244,1024251,1054100,1078992,1096245
050,12,059,00000,00000,00000,0,A,Holmes County,Florida,19655,19569,19136,19324,19662,19876
157,12,059,07450,00000,00000,1,A,Bonifay city,Florida,2768,2765,2783,2791,2827,2838
157,12,059,21250,00000,00000,1,A,Esto town,Florida,340,339,342,342,347,350
157,12,059,48900,00000,00000,1,A,Noma town,Florida,208,208,209,209,214,215
157,12,059,58175,00000,00000,1,A,Ponce de Leon town,Florida,502,501,507,510,516,518
157,12,059,76975,00000,00000,1,A,Westville town,Florida,260,260,261,264,267,268
157,12,059,99990,00000,00000,1,F,Balance of Holmes County,Florida,15577,15496,15034,15208,15491,15687
050,12,061,00000,00000,00000,0,A,Indian River County,Florida,159789,160452,163903,167698,170487,172139
157,12,061,22100,00000,00000,1,A,Fellsmere city,Florida,4830,4834,4900,4971,5007,5028
157,12,061,33600,00000,00000,1,A,Indian River Shores town,Florida,4246,4255,4339,4417,4480,4466
157,12,061,52175,00000,00000,1,A,Orchid town,Florida,516,516,522,529,549,545
157,12,061,64825,00000,00000,1,A,Sebastian city,Florida,25034,25125,25693,26411,26953,27087
157,12,061,74150,00000,00000,1,A,Vero Beach city,Florida,16357,16426,16764,17121,17377,17556
157,12,061,99990,00000,00000,1,S,Balance of Indian River County,Florida,108806,109296,111685,114249,116121,117457
050,12,063,00000,00000,00000,0,A,Jackson County,Florida,47316,47106,47138,48294,48731,49980
157,12,063,00625,00000,00000,1,A,Alford town,Florida,493,492,499,506,516,519
157,12,063,03725,00000,00000,1,A,Bascom town,Florida,88,88,88,90,91,93
157,12,063,09900,00000,00000,1,A,Campbellton town,Florida,193,193,195,197,201,203
157,12,063,14850,00000,00000,1,A,Cottondale town,Florida,848,849,856,863,871,879
157,12,063,27000,00000,00000,1,A,Graceville city,Florida,2155,2149,2169,2192,2202,2219
157,12,063,27175,00000,00000,1,A,Grand Ridge town,Florida,885,886,896,905,914,925
157,12,063,27600,00000,00000,1,A,Greenwood town,Florida,544,543,549,552,557,561
157,12,063,35200,00000,00000,1,A,Jacob City city,Florida,217,217,221,224,226,230
157,12,063,42650,00000,00000,1,A,Malone town,Florida,1855,1826,1115,1459,1434,1642
157,12,063,43175,00000,00000,1,A,Marianna city,Florida,6262,6286,6825,7305,7388,7975
157,12,063,66725,00000,00000,1,A,Sneads town,Florida,1703,1702,1724,1743,1761,1780
157,12,063,99990,00000,00000,1,F,Balance of Jackson County,Florida,32073,31875,32001,32258,32570,32954
050,12,065,00000,00000,00000,0,A,Jefferson County,Florida,14512,14402,14497,15090,15547,15921
157,12,065,46500,00000,00000,1,A,Monticello city,Florida,2591,2600,2596,2653,2719,2754
157,12,065,99990,00000,00000,1,S,Balance of Jefferson County,Florida,11921,11802,11901,12437,12828,13167
050,12,067,00000,00000,00000,0,A,Lafayette County,Florida,8228,8230,7957,7786,8192,8640
157,12,067,43575,00000,00000,1,A,Mayo town,Florida,1025,1028,1041,1043,1084,1087
157,12,067,99990,00000,00000,1,S,Balance of Lafayette County,Florida,7203,7202,6916,6743,7108,7553
050,12,069,00000,00000,00000,0,A,Lake County,Florida,383964,386238,396414,410981,426782,444204
157,12,069,02250,00000,00000,1,A,Astatula town,Florida,1890,1899,1937,2008,2062,2266
157,12,069,12925,00000,00000,1,A,Clermont city,Florida,43033,43340,44609,46593,48876,50851
157,12,069,21350,00000,00000,1,A,Eustis city,Florida,23209,23233,23647,24027,24596,25067
157,12,069,24975,00000,00000,1,A,Fruitland Park city,Florida,8377,8430,8651,8774,8855,8962
157,12,069,27800,00000,00000,1,A,Groveland city,Florida,18515,18887,20374,22387,23743,24602
157,12,069,32775,00000,00000,1,A,Howey-in-the-Hills town,Florida,1642,1643,1651,1672,1684,1693
157,12,069,37375,00000,00000,1,A,Lady Lake town,Florida,15977,16028,16296,16713,17056,17288
157,12,069,39875,00000,00000,1,A,Leesburg city,Florida,27011,27127,27941,29257,31913,37815
157,12,069,43425,00000,00000,1,A,Mascotte city,Florida,6610,6737,7320,7991,8588,9150
157,12,069,45900,00000,00000,1,A,Minneola city,Florida,13846,14201,14869,16162,18079,19675
157,12,069,46525,00000,00000,1,A,Montverde town,Florida,1657,1663,1692,1738,1775,1811
157,12,069,47050,00000,00000,1,A,Mount Dora city,Florida,16327,16405,16718,17195,17846,18261
157,12,069,71225,00000,00000,1,A,Tavares city,Florida,18999,19019,19751,20408,21168,22007
157,12,069,73025,00000,00000,1,A,Umatilla city,Florida,3741,3747,3776,3838,3912,3976
157,12,069,99990,00000,00000,1,S,Balance of Lake County,Florida,183130,183879,187182,192218,196629,200780
050,12,071,00000,00000,00000,0,A,Lee County,Florida,760822,765566,791013,826567,844226,860959
157,12,071,07525,00000,00000,1,A,Bonita Springs city,Florida,53665,53887,54908,56702,56915,57112
157,12,071,10275,00000,00000,1,A,Cape Coral city,Florida,194001,195436,204053,218013,227022,233025
157,12,071,21150,00000,00000,1,A,Estero village,Florida,36948,37055,37468,37998,38379,38443
157,12,071,24125,00000,00000,1,A,Fort Myers city,Florida,86428,87288,93307,96324,98378,99918
157,12,071,24150,00000,00000,1,A,Fort Myers Beach town,Florida,5581,5583,5624,5696,5326,5308
157,12,071,63700,00000,00000,1,A,Sanibel city,Florida,6385,6389,6440,6524,6410,6358
157,12,071,99990,00000,00000,1,S,Balance of Lee County,Florida,377814,379928,389213,405310,411796,420795
050,12,073,00000,00000,00000,0,A,Leon County,Florida,292207,293961,296057,298181,299024,300488
157,12,073,70600,00000,00000,1,A,Tallahassee city,Florida,196181,197934,200269,202316,203665,205089
157,12,073,99990,00000,00000,1,S,Balance of Leon County,Florida,96026,96027,95788,95865,95359,95399
050,12,075,00000,00000,00000,0,A,Levy County,Florida,42913,43065,44169,45291,46665,47765
157,12,075,08700,00000,00000,1,A,Bronson town,Florida,1140,1143,1170,1199,1240,1263
157,12,075,11225,00000,00000,1,A,Cedar Key city,Florida,685,686,702,719,730,736
157,12,075,11925,00000,00000,1,A,Chiefland city,Florida,2330,2333,2360,2384,2427,2444
157,12,075,21850,00000,00000,1,A,Fanning Springs city (pt.),Florida,699,702,720,759,786,806
157,12,075,33800,00000,00000,1,A,Inglis town,Florida,1481,1486,1525,1562,1606,1622
157,12,075,53500,00000,00000,1,A,Otter Creek town,Florida,103,103,106,107,111,114
157,12,075,77825,00000,00000,1,A,Williston city,Florida,2973,2979,3051,3090,3207,3433
157,12,075,78925,00000,00000,1,A,Yankeetown town,Florida,588,590,604,618,629,633
157,12,075,99990,00000,00000,1,S,Balance of Levy County,Florida,32914,33043,33931,34853,35929,36714
050,12,077,00000,00000,00000,0,A,Liberty County,Florida,7979,7806,7294,7609,7771,7955
157,12,077,08600,00000,00000,1,A,Bristol city,Florida,922,922,911,920,931,942
157,12,077,99990,00000,00000,1,S,Balance of Liberty County,Florida,7057,6884,6383,6689,6840,7013
050,12,079,00000,00000,00000,0,A,Madison County,Florida,17971,17838,17943,17978,18322,18364
157,12,079,27575,00000,00000,1,A,Greenville town,Florida,747,747,762,765,774,774
157,12,079,39850,00000,00000,1,A,Lee town,Florida,366,366,374,375,380,380
157,12,079,42425,00000,00000,1,A,Madison city,Florida,2910,2912,2959,2969,2998,2994
157,12,079,99990,00000,00000,1,F,Balance of Madison County,Florida,13948,13813,13848,13869,14170,14216
050,12,081,00000,00000,00000,0,A,Manatee County,Florida,399716,401644,413805,430700,444457,458352
157,12,081,01475,00000,00000,1,A,Anna Maria city,Florida,968,970,988,1009,1015,1016
157,12,081,07950,00000,00000,1,A,Bradenton city,Florida,55713,55815,56354,57185,57500,58184
157,12,081,07975,00000,00000,1,A,Bradenton Beach city,Florida,908,908,916,923,925,927
157,12,081,32150,00000,00000,1,A,Holmes Beach city,Florida,3010,3011,3036,3057,3052,3049
157,12,081,41150,00000,00000,1,A,Longboat Key town (pt.),Florida,2745,2743,2761,2769,2752,2744
157,12,081,54250,00000,00000,1,A,Palmetto city,Florida,13314,13333,13509,13679,13696,13682
157,12,081,99990,00000,00000,1,S,Balance of Manatee County,Florida,323058,324864,336241,352078,365517,378750
050,12,083,00000,00000,00000,0,A,Marion County,Florida,375902,377464,385024,396661,412338,428905
157,12,083,05375,00000,00000,1,A,Belleview city,Florida,5518,5546,5692,5757,5890,6156
157,12,083,18675,00000,00000,1,A,Dunnellon city,Florida,1936,1943,1967,1982,2002,2043
157,12,083,42150,00000,00000,1,A,McIntosh town,Florida,466,469,478,492,510,532
157,12,083,50750,00000,00000,1,A,Ocala city,Florida,63678,63885,64392,65655,68829,70251
157,12,083,59675,00000,00000,1,A,Reddick town,Florida,448,451,462,478,494,516
157,12,083,99990,00000,00000,1,S,Balance of Marion County,Florida,303856,305170,312033,322297,334613,349407
050,12,085,00000,00000,00000,0,A,Martin County,Florida,158430,158669,159925,162379,164241,165666
157,12,085,33700,00000,00000,1,A,Indiantown village,Florida,6556,6561,6622,6696,6765,6810
157,12,085,35925,00000,00000,1,A,Jupiter Island town,Florida,811,812,828,831,833,837
157,12,085,50875,00000,00000,1,A,Ocean Breeze town,Florida,300,308,353,403,402,402
157,12,085,65225,00000,00000,1,A,Sewall's Point town,Florida,1992,1996,2019,2054,2076,2072
157,12,085,68875,00000,00000,1,A,Stuart city,Florida,17432,17542,17697,18286,19533,19566
157,12,085,99990,00000,00000,1,S,Balance of Martin County,Florida,131339,131450,132406,134109,134632,135979
050,12,086,00000,00000,00000,0,A,Miami-Dade County,Florida,2701751,2695729,2669925,2713415,2774250,2838461
157,12,086,02681,00000,00000,1,A,Aventura city,Florida,40234,40043,39321,39515,40021,40531
157,12,086,03275,00000,00000,1,A,Bal Harbour village,Florida,3092,3076,3016,3028,3063,3099
157,12,086,03975,00000,00000,1,A,Bay Harbor Islands town,Florida,5921,5890,5778,5803,5870,5937
157,12,086,06600,00000,00000,1,A,Biscayne Park village,Florida,3121,3104,3046,3063,3094,3123
157,12,086,14250,00000,00000,1,A,Coral Gables city,Florida,49242,49752,49661,49259,49801,50379
157,12,086,15968,00000,00000,1,A,Cutler Bay town,Florida,45427,45218,44394,44627,45216,45833
157,12,086,17935,00000,00000,1,A,Doral city,Florida,75871,76212,76147,78108,81968,83625
157,12,086,20650,00000,00000,1,A,El Portal village,Florida,1987,1976,1935,1939,1960,1980
157,12,086,22975,00000,00000,1,A,Florida City city,Florida,13068,13015,12771,12834,12992,13157
157,12,086,26250,00000,00000,1,A,Golden Beach town,Florida,958,956,948,969,1004,1034
157,12,086,30000,00000,00000,1,A,Hialeah city,Florida,223122,222418,220957,223562,228557,235388
157,12,086,30025,00000,00000,1,A,Hialeah Gardens city,Florida,23067,22963,22563,22697,23014,23328
157,12,086,32275,00000,00000,1,A,Homestead city,Florida,80737,80522,80696,82754,84331,85796
157,12,086,33425,00000,00000,1,A,Indian Creek village,Florida,85,85,83,84,85,89
157,12,086,36300,00000,00000,1,A,Key Biscayne village,Florida,14805,14746,14527,14653,14890,15111
157,12,086,43900,00000,00000,1,A,Medley town,Florida,1064,1059,1048,1059,1082,1102
157,12,086,45000,00000,00000,1,A,Miami city,Florida,442244,442828,441630,456736,470677,487014
157,12,086,45025,00000,00000,1,A,Miami Beach city,Florida,82897,82475,80893,81240,82248,83251
157,12,086,45060,00000,00000,1,A,Miami Gardens city,Florida,111598,111445,111583,112231,114525,116173
157,12,086,45100,00000,00000,1,A,Miami Lakes town,Florida,30460,30440,30460,31282,32269,33247
157,12,086,45175,00000,00000,1,A,Miami Shores village,Florida,11565,11694,11677,11730,11801,11917
157,12,086,45200,00000,00000,1,A,Miami Springs city,Florida,13856,13787,13516,13611,13757,13901
157,12,086,49225,00000,00000,1,A,North Bay Village city,Florida,8159,8121,7970,8004,8188,8286
157,12,086,49450,00000,00000,1,A,North Miami city,Florida,60182,59831,59050,59751,60899,62202
157,12,086,49475,00000,00000,1,A,North Miami Beach city,Florida,43669,43452,42611,43663,44197,45655
157,12,086,51650,00000,00000,1,A,Opa-locka city,Florida,16469,16384,16069,16132,16319,16507
157,12,086,54275,00000,00000,1,A,Palmetto Bay village,Florida,24445,24327,23870,24592,25059,25402
157,12,086,56625,00000,00000,1,A,Pinecrest village,Florida,18385,18318,18033,18239,18648,18981
157,12,086,67550,00000,00000,1,A,South Miami city,Florida,12022,11977,11803,11916,12466,13207
157,12,086,69555,00000,00000,1,A,Sunny Isles Beach city,Florida,22342,22258,22122,22326,22614,22903
157,12,086,70075,00000,00000,1,A,Surfside town,Florida,5681,5652,5544,5567,5652,5719
157,12,086,70345,00000,00000,1,A,Sweetwater city,Florida,19365,19274,18927,19873,21018,21321
157,12,086,74575,00000,00000,1,A,Virginia Gardens village,Florida,2362,2349,2303,2310,2335,2358
157,12,086,76525,00000,00000,1,A,West Miami city,Florida,7236,7214,7075,7099,7171,7247
157,12,086,99990,00000,00000,1,S,Balance of Miami-Dade County,Florida,1187013,1182868,1167898,1183159,1207459,1233658
050,12,087,00000,00000,00000,0,A,Monroe County,Florida,82870,82851,82234,82002,81306,80908
157,12,087,34132,00000,00000,1,A,"Islamorada, Village of Islands village",Florida,7127,7122,7087,7089,7049,7013
157,12,087,36325,00000,00000,1,A,Key Colony Beach city,Florida,787,786,777,773,762,749
157,12,087,36550,00000,00000,1,A,Key West city,Florida,26437,26360,25986,25685,25317,25240
157,12,087,39725,00000,00000,1,A,Layton city,Florida,216,216,214,213,209,208
157,12,087,43000,00000,00000,1,A,Marathon city,Florida,9734,9857,9912,9895,9939,10039
157,12,087,99990,00000,00000,1,S,Balance of Monroe County,Florida,38569,38510,38258,38347,38030,37659
050,12,089,00000,00000,00000,0,A,Nassau County,Florida,90356,91036,94413,97891,101579,104376
157,12,089,09700,00000,00000,1,A,Callahan town,Florida,1524,1537,1543,1669,1796,1785
157,12,089,22175,00000,00000,1,A,Fernandina Beach city,Florida,13044,13090,13300,13403,13659,13672
157,12,089,30750,00000,00000,1,A,Hilliard town,Florida,2961,2963,3015,3026,3056,3077
157,12,089,99990,00000,00000,1,S,Balance of Nassau County,Florida,72827,73446,76555,79793,83068,85842
050,12,091,00000,00000,00000,0,A,Okaloosa County,Florida,211662,212097,213678,217115,219624,220483
157,12,091,12325,00000,00000,1,A,Cinco Bayou town,Florida,457,459,461,470,473,468
157,12,091,15475,00000,00000,1,A,Crestview city,Florida,27426,27533,27834,28320,29453,30727
157,12,091,17325,00000,00000,1,A,Destin city,Florida,13932,13938,14017,14166,14281,13991
157,12,091,24475,00000,00000,1,A,Fort Walton Beach city,Florida,20923,20930,20948,21067,21055,21188
157,12,091,39650,00000,00000,1,A,Laurel Hill city,Florida,587,589,593,606,612,606
157,12,091,43375,00000,00000,1,A,Mary Esther city,Florida,3987,3994,4021,4085,4117,4070
157,12,091,48750,00000,00000,1,A,Niceville city,Florida,15797,15859,16057,16309,16627,17919
157,12,091,65425,00000,00000,1,A,Shalimar town,Florida,738,740,744,758,764,757
157,12,091,73675,00000,00000,1,A,Valparaiso city,Florida,4755,4769,4956,4973,4900,4852
157,12,091,99990,00000,00000,1,S,Balance of Okaloosa County,Florida,123060,123286,124047,126361,127342,125905
050,12,093,00000,00000,00000,0,A,Okeechobee County,Florida,39640,39656,40034,40416,41603,42369
157,12,093,51200,00000,00000,1,A,Okeechobee city,Florida,5244,5256,5347,5433,5620,5731
157,12,093,99990,00000,00000,1,S,Balance of Okeechobee County,Florida,34396,34400,34687,34983,35983,36638
050,12,095,00000,00000,00000,0,A,Orange County,Florida,1429910,1431720,1427909,1465146,1501265,1533646
157,12,095,01700,00000,00000,1,A,Apopka city,Florida,54910,54928,55622,57503,60329,62777
157,12,095,04150,00000,00000,1,A,Bay Lake city,Florida,23,23,22,23,22,23
157,12,095,05300,00000,00000,1,A,Belle Isle city,Florida,7276,7280,7222,7401,7577,7741
157,12,095,19650,00000,00000,1,A,Eatonville town,Florida,2341,2333,2286,2298,2322,2356
157,12,095,19900,00000,00000,1,A,Edgewood city,Florida,2691,2693,2674,2741,2805,2867
157,12,095,37625,00000,00000,1,A,Lake Buena Vista city,Florida,25,25,24,24,25,25
157,12,095,42575,00000,00000,1,A,Maitland city,Florida,19538,19465,18998,19526,19622,19776
157,12,095,50525,00000,00000,1,A,Oakland town,Florida,3551,3554,3529,3622,3711,3796
157,12,095,51075,00000,00000,1,A,Ocoee city,Florida,47336,47497,47563,48588,50259,51269
157,12,095,53000,00000,00000,1,A,Orlando city,Florida,307785,307868,309928,318821,327390,334854
157,12,095,78050,00000,00000,1,A,Windermere town,Florida,3029,3031,3008,3082,3155,3223
157,12,095,78250,00000,00000,1,A,Winter Garden city,Florida,47400,47483,47008,47876,48313,48771
157,12,095,78300,00000,00000,1,A,Winter Park city,Florida,29805,30019,29789,30190,30522,30835
157,12,095,99990,00000,00000,1,S,Balance of Orange County,Florida,904200,905521,900236,923451,945213,965333
050,12,097,00000,00000,00000,0,A,Osceola County,Florida,388661,391163,404055,426556,447243,468058
157,12,097,36950,00000,00000,1,A,Kissimmee city,Florida,79191,79179,79578,80798,83028,84756
157,12,097,62625,00000,00000,1,A,St. Cloud city,Florida,58974,59451,62150,65120,67895,71036
157,12,097,99990,00000,00000,1,S,Balance of Osceola County,Florida,250496,252533,262327,280638,296320,312266
050,12,099,00000,00000,00000,0,A,Palm Beach County,Florida,1492202,1494276,1503677,1531542,1557481,1582055
157,12,099,02500,00000,00000,1,A,Atlantis city,Florida,2124,2122,2112,2126,2143,2160
157,12,099,05200,00000,00000,1,A,Belle Glade city,Florida,16742,16723,16759,16927,17112,17363
157,12,099,07300,00000,00000,1,A,Boca Raton city,Florida,97436,98250,98829,100447,101421,102238
157,12,099,07875,00000,00000,1,A,Boynton Beach city,Florida,80201,80474,80092,81351,82361,83095
157,12,099,08575,00000,00000,1,A,Briny Breezes town,Florida,503,504,504,513,523,532
157,12,099,13050,00000,00000,1,A,Cloud Lake town,Florida,136,136,135,136,140,141
157,12,099,17100,00000,00000,1,A,Delray Beach city,Florida,66846,66815,66672,67587,68594,70140
157,12,099,26050,00000,00000,1,A,Glen Ridge town,Florida,216,216,215,217,219,218
157,12,099,26550,00000,00000,1,A,Golf village,Florida,257,257,257,266,269,273
157,12,099,27322,00000,00000,1,A,Greenacres city,Florida,44016,43985,43790,44161,44790,45197
157,12,099,28275,00000,00000,1,A,Gulf Stream town,Florida,955,954,953,961,982,994
157,12,099,29200,00000,00000,1,A,Haverhill town,Florida,2176,2174,2168,2183,2208,2225
157,12,099,30200,00000,00000,1,A,Highland Beach town,Florida,4297,4293,4270,4301,4336,4368
157,12,099,33150,00000,00000,1,A,Hypoluxo town,Florida,2688,2693,2727,2797,2870,2941
157,12,099,35850,00000,00000,1,A,Juno Beach town,Florida,3854,3851,3836,3890,3923,3969
157,12,099,35875,00000,00000,1,A,Jupiter town,Florida,61098,61183,61147,61697,62360,62987
157,12,099,35900,00000,00000,1,A,Jupiter Inlet Colony town,Florida,405,405,403,410,434,456
157,12,099,37800,00000,00000,1,A,Lake Clarke Shores town,Florida,3568,3565,3546,3571,3600,3629
157,12,099,38600,00000,00000,1,A,Lake Park town,Florida,9072,9059,9004,9060,9125,9188
157,12,099,39081,00000,00000,1,A,Lake Worth Beach city,Florida,42202,42225,42614,43545,44016,44417
157,12,099,39375,00000,00000,1,A,Lantana town,Florida,11673,11661,12261,12357,12448,12545
157,12,099,41577,00000,00000,1,A,Loxahatchee Groves town,Florida,3353,3355,3388,3450,3505,3559
157,12,099,42700,00000,00000,1,A,Manalapan town,Florida,419,420,418,425,436,441
157,12,099,42900,00000,00000,1,A,Mangonia Park town,Florida,2146,2144,2130,2339,2622,2643
157,12,099,49600,00000,00000,1,A,North Palm Beach village,Florida,13158,13142,13084,13193,13310,13423
157,12,099,50950,00000,00000,1,A,Ocean Ridge town,Florida,1832,1830,1827,1847,1871,1888
157,12,099,53800,00000,00000,1,A,Pahokee city,Florida,5523,5511,5495,5584,5630,5829
157,12,099,54025,00000,00000,1,A,Palm Beach town,Florida,9250,9246,9235,9314,9407,9493
157,12,099,54075,00000,00000,1,A,Palm Beach Gardens city,Florida,59176,59248,59552,60678,62113,63284
157,12,099,54150,00000,00000,1,A,Palm Beach Shores town,Florida,1337,1336,1331,1340,1349,1359
157,12,099,54450,00000,00000,1,A,Palm Springs village,Florida,26868,26881,26747,27066,27554,28548
157,12,099,60975,00000,00000,1,A,Riviera Beach city,Florida,37592,37609,38148,38658,39277,39620
157,12,099,62100,00000,00000,1,A,Royal Palm Beach village,Florida,39441,39515,39529,40102,40625,41948
157,12,099,67175,00000,00000,1,A,South Bay city,Florida,5082,4997,5100,5116,5144,5160
157,12,099,67650,00000,00000,1,A,South Palm Beach town,Florida,1471,1469,1460,1469,1480,1491
157,12,099,71525,00000,00000,1,A,Tequesta village,Florida,6163,6158,6121,6160,6232,6285
157,12,099,75812,00000,00000,1,A,Wellington village,Florida,61609,61573,61365,61954,62609,63258
157,12,099,76417,00000,00000,1,A,Westlake city,Florida,913,1050,2162,4249,6072,7664
157,12,099,76600,00000,00000,1,A,West Palm Beach city,Florida,117321,117512,117924,122120,126017,127744
157,12,099,99990,00000,00000,1,S,Balance of Palm Beach County,Florida,649083,649735,656367,667975,678354,689342
050,12,101,00000,00000,00000,0,A,Pasco County,Florida,561890,566182,585290,610584,636049,659114
157,12,101,16125,00000,00000,1,A,Dade City city,Florida,7155,7239,7356,7744,8743,9662
157,12,101,48500,00000,00000,1,A,New Port Richey city,Florida,16694,16768,17074,17393,17808,18130
157,12,101,58600,00000,00000,1,A,Port Richey city,Florida,3055,3084,3226,3364,3505,3637
157,12,101,62775,00000,00000,1,A,St. Leo town,Florida,2380,2493,2606,2654,2470,2472
157,12,101,63375,00000,00000,1,A,San Antonio city,Florida,1294,1301,1349,1432,1492,1577
157,12,101,79225,00000,00000,1,A,Zephyrhills city,Florida,17218,17353,18275,19365,21007,22304
157,12,101,99990,00000,00000,1,S,Balance of Pasco County,Florida,514094,517944,535404,558632,581024,601332
050,12,103,00000,00000,00000,0,A,Pinellas County,Florida,959111,959839,959703,964693,967301,965870
157,12,103,05075,00000,00000,1,A,Belleair town,Florida,4281,4291,4329,4424,4527,4614
157,12,103,05100,00000,00000,1,A,Belleair Beach city,Florida,1634,1633,1628,1628,1626,1615
157,12,103,05125,00000,00000,1,A,Belleair Bluffs city,Florida,2316,2312,2306,2306,2300,2284
157,12,103,05150,00000,00000,1,A,Belleair Shore town,Florida,77,77,77,77,77,76
157,12,103,12875,00000,00000,1,A,Clearwater city,Florida,117435,117343,117133,117344,117555,116811
157,12,103,18575,00000,00000,1,A,Dunedin city,Florida,36088,36070,36053,36170,36140,35932
157,12,103,28175,00000,00000,1,A,Gulfport city,Florida,11774,11768,11744,11763,11733,11645
157,12,103,33625,00000,00000,1,A,Indian Rocks Beach city,Florida,3674,3672,3664,3668,3661,3637
157,12,103,33675,00000,00000,1,A,Indian Shores town,Florida,1192,1192,1199,1201,1198,1190
157,12,103,36175,00000,00000,1,A,Kenneth City town,Florida,5060,5052,5028,5023,5005,4966
157,12,103,39425,00000,00000,1,A,Largo city,Florida,82681,82630,82586,82835,82756,82337
157,12,103,42400,00000,00000,1,A,Madeira Beach city,Florida,3896,3891,3883,3957,4022,4014
157,12,103,49725,00000,00000,1,A,North Redington Beach town,Florida,1483,1482,1479,1478,1478,1478
157,12,103,51350,00000,00000,1,A,Oldsmar city,Florida,14933,14920,14894,14923,14913,14831
157,12,103,56975,00000,00000,1,A,Pinellas Park city,Florida,53110,53393,53332,53808,53789,53503
157,12,103,59725,00000,00000,1,A,Redington Beach town,Florida,1380,1379,1372,1378,1382,1383
157,12,103,59750,00000,00000,1,A,Redington Shores town,Florida,2178,2176,2168,2178,2176,2167
157,12,103,62425,00000,00000,1,A,Safety Harbor city,Florida,17070,17059,17035,17075,17066,16972
157,12,103,62885,00000,00000,1,A,St. Pete Beach city,Florida,8881,8868,8830,8821,8783,8730
157,12,103,63000,00000,00000,1,A,St. Petersburg city,Florida,258344,259271,259598,262502,265083,267102
157,12,103,64975,00000,00000,1,A,Seminole city,Florida,19414,19416,19382,19407,19385,19395
157,12,103,67675,00000,00000,1,A,South Pasadena city,Florida,5355,5348,5332,5334,5317,5280
157,12,103,71150,00000,00000,1,A,Tarpon Springs city,Florida,25140,25153,25617,25956,26031,26168
157,12,103,72325,00000,00000,1,A,Treasure Island city,Florida,6582,6575,6565,6577,6562,6524
157,12,103,99990,00000,00000,1,S,Balance of Pinellas County,Florida,275133,274868,274469,274860,274736,273216
050,12,105,00000,00000,00000,0,A,Polk County,Florida,725036,730179,755712,790530,824172,852878
157,12,105,02550,00000,00000,1,A,Auburndale city,Florida,15602,15742,17366,18629,20141,20659
157,12,105,03675,00000,00000,1,A,Bartow city,Florida,19562,19574,19785,20011,20762,22084
157,12,105,16450,00000,00000,1,A,Davenport city,Florida,9344,9730,10997,13561,15160,16764
157,12,105,18550,00000,00000,1,A,Dundee town,Florida,5237,5273,5607,6024,6096,6275
157,12,105,18875,00000,00000,1,A,Eagle Lake city,Florida,3005,3055,3161,3539,4188,5576
157,12,105,24100,00000,00000,1,A,Fort Meade city,Florida,5100,5101,5145,5217,5313,5341
157,12,105,24900,00000,00000,1,A,Frostproof city,Florida,3211,3214,3277,3358,3430,3467
157,12,105,28400,00000,00000,1,A,Haines City city,Florida,27540,27949,29916,33735,37538,42073
157,12,105,30325,00000,00000,1,A,Highland Park village,Florida,250,250,258,267,278,285
157,12,105,30700,00000,00000,1,A,Hillcrest Heights town,Florida,248,250,256,266,276,282
157,12,105,37525,00000,00000,1,A,Lake Alfred city,Florida,6521,6539,6652,7124,7420,8632
157,12,105,37975,00000,00000,1,A,Lake Hamilton town,Florida,1539,1552,1563,1626,1655,2126
157,12,105,38250,00000,00000,1,A,Lakeland city,Florida,112614,113881,117320,120604,123046,124990
157,12,105,38950,00000,00000,1,A,Lake Wales city,Florida,16072,16290,16419,16572,16808,17798
157,12,105,47200,00000,00000,1,A,Mulberry city,Florida,3945,3964,3998,4124,4375,4488
157,12,105,57950,00000,00000,1,A,Polk City town,Florida,2733,2772,2966,3007,3055,3076
157,12,105,78275,00000,00000,1,A,Winter Haven city,Florida,50208,50603,52744,55222,57480,59975
157,12,105,99990,00000,00000,1,S,Balance of Polk County,Florida,442305,444440,458282,477644,497151,508987
050,12,107,00000,00000,00000,0,A,Putnam County,Florida,73325,73386,74116,74805,76211,77301
157,12,107,15375,00000,00000,1,A,Crescent City city,Florida,1659,1661,1672,1680,1705,1724
157,12,107,33900,00000,00000,1,A,Interlachen town,Florida,1425,1429,1444,1456,1484,1508
157,12,107,53875,00000,00000,1,A,Palatka city,Florida,10463,10472,10552,10591,10750,10867
157,12,107,58025,00000,00000,1,A,Pomona Park town,Florida,781,782,790,797,812,824
157,12,107,75750,00000,00000,1,A,Welaka town,Florida,721,723,730,735,749,763
157,12,107,99990,00000,00000,1,S,Balance of Putnam County,Florida,58276,58319,58928,59546,60711,61615
050,12,109,00000,00000,00000,0,A,St. Johns County,Florida,273423,277105,293292,307837,321510,334928
157,12,109,43250,00000,00000,1,A,Marineland town (pt.),Florida,1,1,1,1,1,1
157,12,109,62500,00000,00000,1,A,St. Augustine city,Florida,14319,14687,15140,15257,15559,16033
157,12,109,62525,00000,00000,1,A,St. Augustine Beach city,Florida,6799,6836,6973,6889,6816,6808
157,12,109,99990,00000,00000,1,S,Balance of St. Johns County,Florida,252304,255581,271178,285690,299134,312086
050,12,111,00000,00000,00000,0,A,St. Lucie County,Florida,329224,331461,344300,359882,376186,390670
157,12,111,24300,00000,00000,1,A,Fort Pierce city,Florida,47575,47661,48350,48796,49791,50805
157,12,111,58715,00000,00000,1,A,Port St. Lucie city,Florida,204859,206828,217895,232467,246695,258575
157,12,111,62800,00000,00000,1,A,St. Lucie Village town,Florida,610,610,614,611,613,615
157,12,111,99990,00000,00000,1,S,Balance of St. Lucie County,Florida,76180,76362,77441,78008,79087,80675
050,12,113,00000,00000,00000,0,A,Santa Rosa County,Florida,187998,189022,193751,198363,203569,207653
157,12,113,28000,00000,00000,1,A,Gulf Breeze city,Florida,6298,6342,6507,6662,6830,6955
157,12,113,35425,00000,00000,1,A,Jay town,Florida,526,529,543,557,572,583
157,12,113,45750,00000,00000,1,A,Milton city,Florida,10213,10281,10471,10717,10982,11182
157,12,113,99990,00000,00000,1,S,Balance of Santa Rosa County,Florida,170961,171870,176230,180427,185185,188933
050,12,115,00000,00000,00000,0,A,Sarasota County,Florida,434008,436256,448730,464067,472079,476604
157,12,115,41150,00000,00000,1,A,Longboat Key town (pt.),Florida,4761,4761,4817,4839,4793,4719
157,12,115,49675,00000,00000,1,A,North Port city,Florida,74801,75496,79804,85341,89452,92875
157,12,115,64175,00000,00000,1,A,Sarasota city,Florida,54851,55198,56197,57688,58061,57764
157,12,115,73900,00000,00000,1,A,Venice city,Florida,25466,25599,26289,27373,28325,29902
157,12,115,99990,00000,00000,1,S,Balance of Sarasota County,Florida,274129,275202,281623,288826,291448,291344
050,12,117,00000,00000,00000,0,A,Seminole County,Florida,470852,471472,470935,481084,489254,494605
157,12,117,00950,00000,00000,1,A,Altamonte Springs city,Florida,46254,46172,45529,45770,45731,47261
157,12,117,11050,00000,00000,1,A,Casselberry city,Florida,28775,28940,29122,30037,30902,31650
157,12,117,38425,00000,00000,1,A,Lake Mary city,Florida,16833,16836,16709,16879,16895,16989
157,12,117,41250,00000,00000,1,A,Longwood city,Florida,15097,15421,15325,16907,16957,17089
157,12,117,53575,00000,00000,1,A,Oviedo city,Florida,40059,40012,39517,39785,41659,41901
157,12,117,63650,00000,00000,1,A,Sanford city,Florida,61077,61098,61072,63430,66036,66919
157,12,117,78325,00000,00000,1,A,Winter Springs city,Florida,38357,38382,38256,38923,39372,39822
157,12,117,99990,00000,00000,1,S,Balance of Seminole County,Florida,224400,224611,225405,229353,231702,232974
050,12,119,00000,00000,00000,0,A,Sumter County,Florida,129753,130303,134908,144978,152157,154693
157,12,119,09625,00000,00000,1,A,Bushnell city,Florida,3134,3141,3143,3208,3217,3193
157,12,119,11325,00000,00000,1,A,Center Hill city,Florida,867,876,914,982,1034,1055
157,12,119,13400,00000,00000,1,A,Coleman city,Florida,651,658,685,736,773,789
157,12,119,75600,00000,00000,1,A,Webster city,Florida,792,799,834,898,944,965
157,12,119,77675,00000,00000,1,A,Wildwood city,Florida,15807,15967,16609,17785,18658,19031
157,12,119,99990,00000,00000,1,S,Balance of Sumter County,Florida,108502,108862,112723,121369,127531,129660
050,12,121,00000,00000,00000,0,A,Suwannee County,Florida,43473,43530,44139,45370,46134,47536
157,12,121,08175,00000,00000,1,A,Branford town,Florida,714,715,733,742,758,772
157,12,121,40875,00000,00000,1,A,Live Oak city,Florida,6737,6746,6860,7033,7103,7200
157,12,121,99990,00000,00000,1,F,Balance of Suwannee County,Florida,36022,36069,36546,37595,38273,39564
050,12,123,00000,00000,00000,0,A,Taylor County,Florida,21797,21746,20811,21347,21766,21843
157,12,123,56150,00000,00000,1,A,Perry city,Florida,6863,6861,6877,6980,7305,7306
157,12,123,99990,00000,00000,1,S,Balance of Taylor County,Florida,14934,14885,13934,14367,14461,14537
050,12,125,00000,00000,00000,0,A,Union County,Florida,16141,15433,15852,15490,15993,15738
157,12,125,37650,00000,00000,1,A,Lake Butler city,Florida,1979,1978,2018,2012,2010,1983
157,12,125,59400,00000,00000,1,A,Raiford town,Florida,218,218,223,225,226,224
157,12,125,78775,00000,00000,1,A,Worthington Springs town,Florida,376,377,384,384,384,380
157,12,125,99990,00000,00000,1,F,Balance of Union County,Florida,13568,12860,13227,12869,13373,13151
050,12,127,00000,00000,00000,0,A,Volusia County,Florida,553544,555752,566481,580481,592622,602772
157,12,127,16525,00000,00000,1,A,Daytona Beach city,Florida,71599,72298,75377,78436,82735,86015
157,12,127,16550,00000,00000,1,A,Daytona Beach Shores city,Florida,5117,5120,5154,5196,5214,5223
157,12,127,16675,00000,00000,1,A,DeBary city,Florida,22185,22239,22509,22928,23223,23468
157,12,127,16875,00000,00000,1,A,DeLand city,Florida,37791,38225,39533,41392,43210,45587
157,12,127,17200,00000,00000,1,A,Deltona city,Florida,93700,94046,95478,97497,99157,100513
157,12,127,19825,00000,00000,1,A,Edgewater city,Florida,23113,23146,23293,23574,23753,24334
157,12,127,22550,00000,00000,1,A,Flagler Beach city (pt.),Florida,70,70,71,72,77,78
157,12,127,31350,00000,00000,1,A,Holly Hill city,Florida,12969,12976,13012,13113,13141,13183
157,12,127,38025,00000,00000,1,A,Lake Helen city,Florida,2842,2842,2850,2926,2972,2988
157,12,127,48625,00000,00000,1,A,New Smyrna Beach city,Florida,30254,30458,31185,32238,32837,33144
157,12,127,50450,00000,00000,1,A,Oak Hill city,Florida,2014,2021,2055,2088,2138,2172
157,12,127,51825,00000,00000,1,A,Orange City city,Florida,12706,12777,13815,14986,15064,15257
157,12,127,53150,00000,00000,1,A,Ormond Beach city,Florida,43073,43122,43507,44152,44457,44596
157,12,127,56425,00000,00000,1,A,Pierson town,Florida,1540,1541,1547,1558,1562,1563
157,12,127,58200,00000,00000,1,A,Ponce Inlet town,Florida,3367,3372,3400,3442,3468,3485
157,12,127,58575,00000,00000,1,A,Port Orange city,Florida,62621,62734,63348,65032,66264,66556
157,12,127,67325,00000,00000,1,A,South Daytona city,Florida,12851,12976,13325,13684,13841,13906
157,12,127,99990,00000,00000,1,S,Balance of Volusia County,Florida,115732,115789,117022,118167,119509,120704
050,12,129,00000,00000,00000,0,A,Wakulla County,Florida,33766,33903,34287,35159,36472,37115
157,12,129,62825,00000,00000,1,A,St. Marks city,Florida,277,279,286,294,306,312
157,12,129,66925,00000,00000,1,A,Sopchoppy city,Florida,422,424,435,448,465,476
157,12,129,99990,00000,00000,1,S,Balance of Wakulla County,Florida,33067,33200,33566,34417,35701,36327
050,12,131,00000,00000,00000,0,A,Walton County,Florida,75309,75891,79744,83100,86338,89666
157,12,131,16800,00000,00000,1,A,DeFuniak Springs city,Florida,5929,5977,6301,6564,6797,7048
157,12,131,24825,00000,00000,1,A,Freeport city,Florida,6021,6071,6422,6708,6963,7234
157,12,131,55475,00000,00000,1,A,Paxton town,Florida,556,561,593,619,642,668
157,12,131,99990,00000,00000,1,S,Balance of Walton County,Florida,62803,63282,66428,69209,71936,74716
050,12,133,00000,00000,00000,0,A,Washington County,Florida,25311,25314,24856,25426,25545,26503
157,12,133,10975,00000,00000,1,A,Caryville town,Florida,306,306,307,311,315,318
157,12,133,11975,00000,00000,1,A,Chipley city,Florida,3661,3668,3661,3701,3718,3741
157,12,133,19725,00000,00000,1,A,Ebro town,Florida,236,236,237,240,244,246
157,12,133,74125,00000,00000,1,A,Vernon city,Florida,722,725,723,734,738,744
157,12,133,75450,00000,00000,1,A,Wausau town,Florida,374,374,377,383,387,390
157,12,133,99990,00000,00000,1,F,Balance of Washington County,Florida,20012,20005,19551,20057,20143,21064
