SUMLEV,STATE,COUNTY,PLACE,COUSUB,CONCIT,PRIMGEO_FLAG,FUNCSTAT,NAME,STNAME,ESTIMATESBASE2020,POPESTIMATE2020,POPESTIMATE2021,POPESTIMATE2022,POPESTIMATE2023,POPESTIMATE2024
040,25,000,00000,00000,00000,0,A,Massachusetts,Massachusetts,7033132,6994598,7000474,7022468,7066568,7136171
162,25,000,00840,00000,00000,0,A,Agawam Town city,Massachusetts,28692,28627,28447,28362,28454,28749
162,25,000,01185,00000,00000,0,A,Amesbury city,Massachusetts,17366,17338,17305,17293,17433,17617
162,25,000,01370,00000,00000,0,A,Amherst Town city,Massachusetts,39264,27806,40260,40754,41049,40989
162,25,000,02690,00000,00000,0,A,Attleboro city,Massachusetts,46471,46478,46631,46680,46866,47085
162,25,000,03690,00000,00000,0,A,Barnstable Town city,Massachusetts,48914,48872,49601,49604,49958,49831
162,25,000,05595,00000,00000,0,A,Beverly city,Massachusetts,42674,42571,42376,42477,42743,43223
162,25,000,07000,00000,00000,0,A,Boston city,Massachusetts,678622,675522,658581,660080,664603,673458
162,25,000,07740,00000,00000,0,A,Braintree Town city,Massachusetts,39146,39075,38789,38763,38771,39134
162,25,000,08130,00000,00000,0,A,Bridgewater Town city,Massachusetts,28627,26788,28604,28816,28951,29167
162,25,000,09000,00000,00000,0,A,Brockton city,Massachusetts,105654,105485,105413,105029,105236,105788
162,25,000,11000,00000,00000,0,A,Cambridge city,Massachusetts,118379,118204,117215,117973,119315,121186
162,25,000,13205,00000,00000,0,A,Chelsea city,Massachusetts,40746,40549,39596,39577,39526,40245
162,25,000,13660,00000,00000,0,A,Chicopee city,Massachusetts,55566,55444,55225,55040,55347,55381
162,25,000,19365,00000,00000,0,A,Easthampton city,Massachusetts,16211,16172,16112,16121,16057,16020
162,25,000,21990,00000,00000,0,A,Everett city,Massachusetts,49078,48957,48724,49883,50848,51825
162,25,000,23000,00000,00000,0,A,Fall River city,Massachusetts,93983,93918,93852,93826,94295,94689
162,25,000,23875,00000,00000,0,A,Fitchburg city,Massachusetts,41948,41672,41665,41668,41840,42145
162,25,000,24960,00000,00000,0,A,Framingham city,Massachusetts,72377,72129,71796,72115,72624,73361
162,25,000,25172,00000,00000,0,A,Franklin Town city,Massachusetts,33271,32324,33101,33217,33376,33742
162,25,000,25485,00000,00000,0,A,Gardner city,Massachusetts,21282,21222,21028,21017,21104,21381
162,25,000,26150,00000,00000,0,A,Gloucester city,Massachusetts,29736,29747,29984,29962,30152,30491
162,25,000,27060,00000,00000,0,A,Greenfield city,Massachusetts,17759,17712,17670,17684,17634,17633
162,25,000,29405,00000,00000,0,A,Haverhill city,Massachusetts,67776,67636,67368,67420,67843,68291
162,25,000,30840,00000,00000,0,A,Holyoke city,Massachusetts,38248,38139,37716,37676,37673,37838
162,25,000,34550,00000,00000,0,A,Lawrence city,Massachusetts,89165,88878,88420,88297,88749,89332
162,25,000,35075,00000,00000,0,A,Leominster city,Massachusetts,43792,43755,43740,43899,43908,44209
162,25,000,37000,00000,00000,0,A,Lowell city,Massachusetts,115560,115834,117970,118510,119153,120418
162,25,000,37490,00000,00000,0,A,Lynn city,Massachusetts,101261,101073,100921,101210,101868,103489
162,25,000,37875,00000,00000,0,A,Malden city,Massachusetts,66274,66086,65349,65472,65840,66693
162,25,000,38715,00000,00000,0,A,Marlborough city,Massachusetts,41800,41685,41244,41406,41784,42169
162,25,000,39835,00000,00000,0,A,Medford city,Massachusetts,59671,59520,58874,59062,59395,59898
162,25,000,40115,00000,00000,0,A,Melrose city,Massachusetts,29821,29740,29408,29491,29673,29938
162,25,000,40675,00000,00000,0,A,Methuen city,Massachusetts,53019,52974,52907,53441,53756,54272
162,25,000,45000,00000,00000,0,A,New Bedford city,Massachusetts,101079,100946,100885,100804,101007,101318
162,25,000,45245,00000,00000,0,A,Newburyport city,Massachusetts,18285,18300,18295,18726,18843,19163
162,25,000,45560,00000,00000,0,A,Newton city,Massachusetts,88931,88853,88052,88307,89261,90700
162,25,000,46225,00000,00000,0,A,North Adams city,Massachusetts,12961,12754,12671,12573,12517,12492
162,25,000,46330,00000,00000,0,A,Northampton city,Massachusetts,29567,29279,31465,31397,31384,31315
162,25,000,46598,00000,00000,0,A,North Attleborough Town city,Massachusetts,30823,30810,30893,30970,31068,31210
162,25,000,52144,00000,00000,0,A,Palmer Town city,Massachusetts,12454,12419,12373,12339,12342,12388
162,25,000,52490,00000,00000,0,A,Peabody city,Massachusetts,54501,54402,54190,54376,55043,55418
162,25,000,53960,00000,00000,0,A,Pittsfield city,Massachusetts,43959,43836,43697,43455,43193,43121
162,25,000,55745,00000,00000,0,A,Quincy city,Massachusetts,101618,101492,101144,102249,102304,103434
162,25,000,56000,00000,00000,0,A,Randolph Town city,Massachusetts,35028,34971,34755,34762,34795,35114
162,25,000,56585,00000,00000,0,A,Revere city,Massachusetts,62247,61911,59475,58967,58966,60702
162,25,000,59105,00000,00000,0,A,Salem city,Massachusetts,44474,43670,44594,44657,45376,45677
162,25,000,62535,00000,00000,0,A,Somerville city,Massachusetts,81048,80901,80263,80640,81240,82149
162,25,000,63345,00000,00000,0,A,Southbridge Town city,Massachusetts,17738,17704,17847,17961,18002,18106
162,25,000,67000,00000,00000,0,A,Springfield city,Massachusetts,155927,155258,154978,154440,154220,154888
162,25,000,69170,00000,00000,0,A,Taunton city,Massachusetts,59350,59408,59659,60022,61079,61936
162,25,000,72600,00000,00000,0,A,Waltham city,Massachusetts,65206,64238,64576,64719,65165,65849
162,25,000,73405,00000,00000,0,A,Watertown city,Massachusetts,35338,35369,35308,35403,35652,35985
162,25,000,76030,00000,00000,0,A,Westfield city,Massachusetts,40824,40169,40561,40439,40283,40403
162,25,000,77890,00000,00000,0,A,West Springfield Town city,Massachusetts,28832,28767,28657,28521,28929,29028
162,25,000,78972,00000,00000,0,A,Weymouth Town city,Massachusetts,57443,57471,57639,57707,59543,60159
162,25,000,81005,00000,00000,0,A,Winthrop Town city,Massachusetts,19322,19257,18628,18642,18583,18739
162,25,000,81035,00000,00000,0,A,Woburn city,Massachusetts,40881,40827,41176,41702,42083,43895
162,25,000,82000,00000,00000,0,A,Worcester city,Massachusetts,206511,202475,205656,206602,209211,211286
050,25,001,00000,00000,00000,0,A,Barnstable County,Massachusetts,229067,228060,232379,232571,232759,232570
157,25,001,03690,00000,00000,0,A,Barnstable Town city,Massachusetts,48914,48872,49601,49604,49958,49831
157,25,001,99990,00000,00000,0,S,Balance of Barnstable County,Massachusetts,180153,179188,182778,182967,182801,182739
061,25,001,00000,03690,00000,0,F,Barnstable Town city,Massachusetts,48914,48872,49601,49604,49958,49831
071,25,001,03690,03690,00000,1,A,Barnstable Town city,Massachusetts,48914,48872,49601,49604,49958,49831
061,25,001,00000,07175,00000,1,A,Bourne town,Massachusetts,20528,19604,20590,20460,20472,20508
061,25,001,00000,07980,00000,1,A,Brewster town,Massachusetts,10325,10318,10463,10457,10428,10447
061,25,001,00000,12995,00000,1,A,Chatham town,Massachusetts,6594,6593,6693,6717,6709,6711
061,25,001,00000,16775,00000,1,A,Dennis town,Massachusetts,14680,14676,14906,14953,14962,14862
061,25,001,00000,19295,00000,1,A,Eastham town,Massachusetts,5751,5746,5834,5827,5825,5824
061,25,001,00000,23105,00000,1,A,Falmouth town,Massachusetts,32527,32541,33101,33150,33207,33227
061,25,001,00000,29020,00000,1,A,Harwich town,Massachusetts,13437,13430,13624,13664,13651,13620
061,25,001,00000,39100,00000,1,A,Mashpee town,Massachusetts,15057,15068,15375,15485,15485,15482
061,25,001,00000,51440,00000,1,A,Orleans town,Massachusetts,6307,6306,6418,6431,6418,6485
061,25,001,00000,55500,00000,1,A,Provincetown town,Massachusetts,3660,3658,3711,3729,3727,3729
061,25,001,00000,59735,00000,1,A,Sandwich town,Massachusetts,20266,20254,20596,20642,20555,20507
061,25,001,00000,70605,00000,1,A,Truro town,Massachusetts,2440,2439,2482,2484,2483,2484
061,25,001,00000,74385,00000,1,A,Wellfleet town,Massachusetts,3566,3565,3641,3652,3642,3645
061,25,001,00000,82525,00000,1,A,Yarmouth town,Massachusetts,25015,24990,25344,25316,25237,25208
050,25,003,00000,00000,00000,0,N,Berkshire County,Massachusetts,129028,129812,130199,129551,128863,128726
157,25,003,46225,00000,00000,0,A,North Adams city,Massachusetts,12961,12754,12671,12573,12517,12492
157,25,003,53960,00000,00000,0,A,Pittsfield city,Massachusetts,43959,43836,43697,43455,43193,43121
157,25,003,99990,00000,00000,0,S,Balance of Berkshire County,Massachusetts,72108,73222,73831,73523,73153,73113
061,25,003,00000,00555,00000,1,A,Adams town,Massachusetts,8161,8146,8139,8073,8016,7992
061,25,003,00000,00975,00000,1,A,Alford town,Massachusetts,489,488,488,485,484,483
061,25,003,00000,04545,00000,1,A,Becket town,Massachusetts,1934,1931,1939,1933,1923,1922
061,25,003,00000,13345,00000,1,A,Cheshire town,Massachusetts,3259,3253,3249,3221,3197,3190
061,25,003,00000,14010,00000,1,A,Clarksburg town,Massachusetts,1659,1656,1660,1648,1642,1637
061,25,003,00000,16180,00000,1,A,Dalton town,Massachusetts,6337,6325,6319,6258,6216,6198
061,25,003,00000,21360,00000,1,A,Egremont town,Massachusetts,1372,1371,1377,1378,1373,1375
061,25,003,00000,24120,00000,1,A,Florida town,Massachusetts,691,690,687,682,675,673
061,25,003,00000,26815,00000,1,A,Great Barrington town,Massachusetts,7169,7174,7163,7227,7203,7245
061,25,003,00000,28180,00000,1,A,Hancock town,Massachusetts,748,747,748,743,740,740
061,25,003,00000,30315,00000,1,A,Hinsdale town,Massachusetts,1908,1906,1909,1897,1889,1890
061,25,003,00000,34340,00000,1,A,Lanesborough town,Massachusetts,3042,3038,3040,3021,3009,3004
061,25,003,00000,34655,00000,1,A,Lee town,Massachusetts,5787,5777,5765,5723,5701,5682
061,25,003,00000,34970,00000,1,A,Lenox town,Massachusetts,5094,5091,5090,5071,5072,5072
061,25,003,00000,42460,00000,1,A,Monterey town,Massachusetts,1092,1090,1090,1084,1082,1085
061,25,003,00000,43300,00000,1,A,Mount Washington town,Massachusetts,160,160,160,158,157,157
061,25,003,00000,44385,00000,1,A,New Ashford town,Massachusetts,248,248,249,249,250,249
061,25,003,00000,45420,00000,1,A,New Marlborough town,Massachusetts,1531,1528,1529,1517,1508,1503
061,25,003,00000,46225,00000,0,F,North Adams city,Massachusetts,12961,12754,12671,12573,12517,12492
071,25,003,46225,46225,00000,1,A,North Adams city,Massachusetts,12961,12754,12671,12573,12517,12492
061,25,003,00000,51580,00000,1,A,Otis town,Massachusetts,1636,1634,1637,1631,1622,1619
061,25,003,00000,53050,00000,1,A,Peru town,Massachusetts,810,808,808,804,800,798
061,25,003,00000,53960,00000,0,F,Pittsfield city,Massachusetts,43959,43836,43697,43455,43193,43121
071,25,003,53960,53960,00000,1,A,Pittsfield city,Massachusetts,43959,43836,43697,43455,43193,43121
061,25,003,00000,56795,00000,1,A,Richmond town,Massachusetts,1414,1411,1414,1407,1406,1405
061,25,003,00000,59665,00000,1,A,Sandisfield town,Massachusetts,988,986,988,985,984,984
061,25,003,00000,60225,00000,1,A,Savoy town,Massachusetts,646,645,648,647,648,655
061,25,003,00000,61065,00000,1,A,Sheffield town,Massachusetts,3328,3324,3337,3336,3322,3324
061,25,003,00000,67595,00000,1,A,Stockbridge town,Massachusetts,2001,1999,1999,1991,1984,1986
061,25,003,00000,71095,00000,1,A,Tyringham town,Massachusetts,427,426,425,423,420,419
061,25,003,00000,73335,00000,1,A,Washington town,Massachusetts,493,492,495,495,497,497
061,25,003,00000,77990,00000,1,A,West Stockbridge town,Massachusetts,1339,1336,1339,1330,1324,1323
061,25,003,00000,79985,00000,1,A,Williamstown town,Massachusetts,7518,8717,9315,9286,9193,9189
061,25,003,00000,80685,00000,1,A,Windsor town,Massachusetts,827,825,825,820,816,817
050,25,005,00000,00000,00000,0,A,Bristol County,Massachusetts,579298,576776,579729,581201,585053,588593
157,25,005,02690,00000,00000,0,A,Attleboro city,Massachusetts,46471,46478,46631,46680,46866,47085
157,25,005,23000,00000,00000,0,A,Fall River city,Massachusetts,93983,93918,93852,93826,94295,94689
157,25,005,45000,00000,00000,0,A,New Bedford city,Massachusetts,101079,100946,100885,100804,101007,101318
157,25,005,46598,00000,00000,0,A,North Attleborough Town city,Massachusetts,30823,30810,30893,30970,31068,31210
157,25,005,69170,00000,00000,0,A,Taunton city,Massachusetts,59350,59408,59659,60022,61079,61936
157,25,005,99990,00000,00000,0,S,Balance of Bristol County,Massachusetts,247592,245216,247809,248899,250738,252355
061,25,005,00000,00520,00000,1,A,Acushnet town,Massachusetts,10552,10553,10588,10603,10648,10700
061,25,005,00000,02690,00000,0,F,Attleboro city,Massachusetts,46471,46478,46631,46680,46866,47085
071,25,005,02690,02690,00000,1,A,Attleboro city,Massachusetts,46471,46478,46631,46680,46866,47085
061,25,005,00000,05280,00000,1,A,Berkley town,Massachusetts,6767,6771,6811,6810,6854,6892
061,25,005,00000,16425,00000,1,A,Dartmouth town,Massachusetts,33914,31463,33440,33666,33946,34139
061,25,005,00000,16950,00000,1,A,Dighton town,Massachusetts,8103,8124,8190,8198,8232,8275
061,25,005,00000,20100,00000,1,A,Easton town,Massachusetts,25061,25070,25155,25277,25458,25568
061,25,005,00000,22130,00000,1,A,Fairhaven town,Massachusetts,15919,15911,15839,15864,15949,16005
061,25,005,00000,23000,00000,0,F,Fall River city,Massachusetts,93983,93918,93852,93826,94295,94689
071,25,005,23000,23000,00000,1,A,Fall River city,Massachusetts,93983,93918,93852,93826,94295,94689
061,25,005,00000,25240,00000,1,A,Freetown town,Massachusetts,9202,9203,9227,9252,9333,9380
061,25,005,00000,38225,00000,1,A,Mansfield town,Massachusetts,23854,23848,23895,23865,23969,24077
061,25,005,00000,45000,00000,0,F,New Bedford city,Massachusetts,101079,100946,100885,100804,101007,101318
071,25,005,45000,45000,00000,1,A,New Bedford city,Massachusetts,101079,100946,100885,100804,101007,101318
061,25,005,00000,46598,00000,0,F,North Attleborough Town city,Massachusetts,30823,30810,30893,30970,31068,31210
071,25,005,46598,46598,00000,1,A,North Attleborough Town city,Massachusetts,30823,30810,30893,30970,31068,31210
061,25,005,00000,49970,00000,1,A,Norton town,Massachusetts,19208,19220,19138,19156,19297,19392
061,25,005,00000,56060,00000,1,A,Raynham town,Massachusetts,15180,15186,15213,15493,15758,15861
061,25,005,00000,56375,00000,1,A,Rehoboth town,Massachusetts,12505,12523,12730,13046,13242,13537
061,25,005,00000,60645,00000,1,A,Seekonk town,Massachusetts,15526,15534,15612,15663,15780,15912
061,25,005,00000,62430,00000,1,A,Somerset town,Massachusetts,18306,18291,18249,18227,18291,18375
061,25,005,00000,68750,00000,1,A,Swansea town,Massachusetts,17150,17174,17307,17337,17449,17537
061,25,005,00000,69170,00000,0,F,Taunton city,Massachusetts,59350,59408,59659,60022,61079,61936
071,25,005,69170,69170,00000,1,A,Taunton city,Massachusetts,59350,59408,59659,60022,61079,61936
061,25,005,00000,77570,00000,1,A,Westport town,Massachusetts,16345,16345,16415,16442,16532,16705
050,25,007,00000,00000,00000,0,A,Dukes County,Massachusetts,20590,20580,21112,21033,20879,21061
061,25,007,00000,01585,00000,1,A,Aquinnah town,Massachusetts,444,443,455,451,446,451
061,25,007,00000,13800,00000,1,A,Chilmark town,Massachusetts,1214,1214,1248,1243,1237,1249
061,25,007,00000,21150,00000,1,A,Edgartown town,Massachusetts,5169,5171,5307,5308,5286,5328
061,25,007,00000,26325,00000,1,A,Gosnold town,Massachusetts,62,62,63,62,61,62
061,25,007,00000,50390,00000,1,A,Oak Bluffs town,Massachusetts,5337,5332,5467,5426,5376,5407
061,25,007,00000,69940,00000,1,A,Tisbury town,Massachusetts,4817,4813,4934,4926,4880,4927
061,25,007,00000,78235,00000,1,A,West Tisbury town,Massachusetts,3547,3545,3638,3617,3593,3637
050,25,009,00000,00000,00000,0,N,Essex County,Massachusetts,809940,807781,807315,810039,816197,823938
157,25,009,01185,00000,00000,0,A,Amesbury city,Massachusetts,17366,17338,17305,17293,17433,17617
157,25,009,05595,00000,00000,0,A,Beverly city,Massachusetts,42674,42571,42376,42477,42743,43223
157,25,009,26150,00000,00000,0,A,Gloucester city,Massachusetts,29736,29747,29984,29962,30152,30491
157,25,009,29405,00000,00000,0,A,Haverhill city,Massachusetts,67776,67636,67368,67420,67843,68291
157,25,009,34550,00000,00000,0,A,Lawrence city,Massachusetts,89165,88878,88420,88297,88749,89332
157,25,009,37490,00000,00000,0,A,Lynn city,Massachusetts,101261,101073,100921,101210,101868,103489
157,25,009,40675,00000,00000,0,A,Methuen city,Massachusetts,53019,52974,52907,53441,53756,54272
157,25,009,45245,00000,00000,0,A,Newburyport city,Massachusetts,18285,18300,18295,18726,18843,19163
157,25,009,52490,00000,00000,0,A,Peabody city,Massachusetts,54501,54402,54190,54376,55043,55418
157,25,009,59105,00000,00000,0,A,Salem city,Massachusetts,44474,43670,44594,44657,45376,45677
157,25,009,99990,00000,00000,0,S,Balance of Essex County,Massachusetts,291683,291192,290955,292180,294391,296965
061,25,009,00000,01185,00000,0,F,Amesbury city,Massachusetts,17366,17338,17305,17293,17433,17617
071,25,009,01185,01185,00000,1,A,Amesbury city,Massachusetts,17366,17338,17305,17293,17433,17617
061,25,009,00000,01465,00000,1,A,Andover town,Massachusetts,36565,36552,36536,36501,36708,36927
061,25,009,00000,05595,00000,0,F,Beverly city,Massachusetts,42674,42571,42376,42477,42743,43223
071,25,009,05595,05595,00000,1,A,Beverly city,Massachusetts,42674,42571,42376,42477,42743,43223
061,25,009,00000,07420,00000,1,A,Boxford town,Massachusetts,8204,8189,8164,8146,8203,8334
061,25,009,00000,16250,00000,1,A,Danvers town,Massachusetts,28080,28053,27888,27933,28068,28590
061,25,009,00000,21850,00000,1,A,Essex town,Massachusetts,3678,3678,3679,3687,3719,3760
061,25,009,00000,25625,00000,1,A,Georgetown town,Massachusetts,8474,8464,8438,8441,8497,8558
061,25,009,00000,26150,00000,0,F,Gloucester city,Massachusetts,29736,29747,29984,29962,30152,30491
071,25,009,26150,26150,00000,1,A,Gloucester city,Massachusetts,29736,29747,29984,29962,30152,30491
061,25,009,00000,27620,00000,1,A,Groveland town,Massachusetts,6753,6746,6756,6747,6785,6849
061,25,009,00000,27900,00000,1,A,Hamilton town,Massachusetts,7561,7558,7535,7568,7618,7670
061,25,009,00000,29405,00000,0,F,Haverhill city,Massachusetts,67776,67636,67368,67420,67843,68291
071,25,009,29405,29405,00000,1,A,Haverhill city,Massachusetts,67776,67636,67368,67420,67843,68291
061,25,009,00000,32310,00000,1,A,Ipswich town,Massachusetts,13785,13765,13842,13911,14004,14110
061,25,009,00000,34550,00000,0,F,Lawrence city,Massachusetts,89165,88878,88420,88297,88749,89332
071,25,009,34550,34550,00000,1,A,Lawrence city,Massachusetts,89165,88878,88420,88297,88749,89332
061,25,009,00000,37490,00000,0,F,Lynn city,Massachusetts,101261,101073,100921,101210,101868,103489
071,25,009,37490,37490,00000,1,A,Lynn city,Massachusetts,101261,101073,100921,101210,101868,103489
061,25,009,00000,37560,00000,1,A,Lynnfield town,Massachusetts,12995,12981,12987,13004,13113,13230
061,25,009,00000,37995,00000,1,A,Manchester-by-the-Sea town,Massachusetts,5393,5385,5376,5376,5428,5467
061,25,009,00000,38400,00000,1,A,Marblehead town,Massachusetts,20437,20402,20320,20319,20425,20576
061,25,009,00000,40430,00000,1,A,Merrimac town,Massachusetts,6726,6719,6725,6725,6757,6810
061,25,009,00000,40675,00000,0,F,Methuen city,Massachusetts,53019,52974,52907,53441,53756,54272
071,25,009,40675,40675,00000,1,A,Methuen city,Massachusetts,53019,52974,52907,53441,53756,54272
061,25,009,00000,41095,00000,1,A,Middleton town,Massachusetts,9775,9613,9728,9865,9897,9959
061,25,009,00000,43580,00000,1,A,Nahant town,Massachusetts,3337,3331,3318,3303,3320,3338
061,25,009,00000,45175,00000,1,A,Newbury town,Massachusetts,6725,6717,6719,6727,6814,6880
061,25,009,00000,45245,00000,0,F,Newburyport city,Massachusetts,18285,18300,18295,18726,18843,19163
071,25,009,45245,45245,00000,1,A,Newburyport city,Massachusetts,18285,18300,18295,18726,18843,19163
061,25,009,00000,46365,00000,1,A,North Andover town,Massachusetts,31045,30992,30846,31539,31933,32135
061,25,009,00000,52490,00000,0,F,Peabody city,Massachusetts,54501,54402,54190,54376,55043,55418
071,25,009,52490,52490,00000,1,A,Peabody city,Massachusetts,54501,54402,54190,54376,55043,55418
061,25,009,00000,57880,00000,1,A,Rockport town,Massachusetts,6994,6988,6962,6957,7033,7091
061,25,009,00000,58405,00000,1,A,Rowley town,Massachusetts,6163,6159,6131,6306,6335,6334
061,25,009,00000,59105,00000,0,F,Salem city,Massachusetts,44474,43670,44594,44657,45376,45677
071,25,009,59105,59105,00000,1,A,Salem city,Massachusetts,44474,43670,44594,44657,45376,45677
061,25,009,00000,59245,00000,1,A,Salisbury town,Massachusetts,9234,9216,9229,9225,9317,9415
061,25,009,00000,60015,00000,1,A,Saugus town,Massachusetts,28613,28605,28719,28704,28861,29029
061,25,009,00000,68645,00000,1,A,Swampscott town,Massachusetts,15108,15085,15041,15191,15426,15658
061,25,009,00000,70150,00000,1,A,Topsfield town,Massachusetts,6562,6555,6542,6527,6582,6620
061,25,009,00000,74595,00000,1,A,Wenham town,Massachusetts,4978,4934,4920,4899,4923,4945
061,25,009,00000,77150,00000,1,A,West Newbury town,Massachusetts,4498,4505,4554,4579,4625,4680
050,25,011,00000,00000,00000,0,N,Franklin County,Massachusetts,71032,70934,71007,71050,70860,70871
157,25,011,27060,00000,00000,0,A,Greenfield city,Massachusetts,17759,17712,17670,17684,17634,17633
157,25,011,99990,00000,00000,0,S,Balance of Franklin County,Massachusetts,53273,53222,53337,53366,53226,53238
061,25,011,00000,02095,00000,1,A,Ashfield town,Massachusetts,1689,1686,1692,1693,1689,1685
061,25,011,00000,05560,00000,1,A,Bernardston town,Massachusetts,2100,2097,2106,2113,2111,2109
061,25,011,00000,09595,00000,1,A,Buckland town,Massachusetts,1814,1811,1815,1814,1807,1818
061,25,011,00000,12505,00000,1,A,Charlemont town,Massachusetts,1188,1186,1188,1186,1180,1179
061,25,011,00000,14885,00000,1,A,Colrain town,Massachusetts,1605,1605,1615,1622,1628,1643
061,25,011,00000,15200,00000,1,A,Conway town,Massachusetts,1766,1765,1765,1762,1760,1754
061,25,011,00000,16670,00000,1,A,Deerfield town,Massachusetts,5090,5093,5152,5173,5178,5177
061,25,011,00000,21780,00000,1,A,Erving town,Massachusetts,1662,1659,1666,1670,1664,1661
061,25,011,00000,25730,00000,1,A,Gill town,Massachusetts,1549,1547,1551,1559,1551,1553
061,25,011,00000,27060,00000,0,F,Greenfield city,Massachusetts,17759,17712,17670,17684,17634,17633
071,25,011,27060,27060,00000,1,A,Greenfield city,Massachusetts,17759,17712,17670,17684,17634,17633
061,25,011,00000,29475,00000,1,A,Hawley town,Massachusetts,353,352,353,354,352,352
061,25,011,00000,29650,00000,1,A,Heath town,Massachusetts,722,721,724,722,719,717
061,25,011,00000,35180,00000,1,A,Leverett town,Massachusetts,1862,1861,1868,1872,1865,1863
061,25,011,00000,35285,00000,1,A,Leyden town,Massachusetts,733,734,737,736,732,735
061,25,011,00000,42040,00000,1,A,Monroe town,Massachusetts,116,116,116,116,115,115
061,25,011,00000,42285,00000,1,A,Montague town,Massachusetts,8581,8568,8492,8482,8444,8437
061,25,011,00000,45490,00000,1,A,New Salem town,Massachusetts,981,982,996,1009,1014,1023
061,25,011,00000,47835,00000,1,A,Northfield town,Massachusetts,2869,2865,2874,2879,2867,2880
061,25,011,00000,51265,00000,1,A,Orange town,Massachusetts,7578,7566,7583,7577,7572,7583
061,25,011,00000,58335,00000,1,A,Rowe town,Massachusetts,423,422,423,422,420,419
061,25,011,00000,61135,00000,1,A,Shelburne town,Massachusetts,1885,1884,1890,1890,1878,1874
061,25,011,00000,61905,00000,1,A,Shutesbury town,Massachusetts,1723,1720,1729,1729,1721,1717
061,25,011,00000,68400,00000,1,A,Sunderland town,Massachusetts,3659,3655,3660,3653,3636,3628
061,25,011,00000,73265,00000,1,A,Warwick town,Massachusetts,783,782,783,779,776,774
061,25,011,00000,74525,00000,1,A,Wendell town,Massachusetts,926,927,928,924,920,916
061,25,011,00000,79110,00000,1,A,Whately town,Massachusetts,1616,1618,1631,1630,1627,1626
050,25,013,00000,00000,00000,0,N,Hampden County,Massachusetts,465833,463714,462640,461440,462128,464151
157,25,013,00840,00000,00000,0,A,Agawam Town city,Massachusetts,28692,28627,28447,28362,28454,28749
157,25,013,13660,00000,00000,0,A,Chicopee city,Massachusetts,55566,55444,55225,55040,55347,55381
157,25,013,30840,00000,00000,0,A,Holyoke city,Massachusetts,38248,38139,37716,37676,37673,37838
157,25,013,52144,00000,00000,0,A,Palmer Town city,Massachusetts,12454,12419,12373,12339,12342,12388
157,25,013,67000,00000,00000,0,A,Springfield city,Massachusetts,155927,155258,154978,154440,154220,154888
157,25,013,76030,00000,00000,0,A,Westfield city,Massachusetts,40824,40169,40561,40439,40283,40403
157,25,013,77890,00000,00000,0,A,West Springfield Town city,Massachusetts,28832,28767,28657,28521,28929,29028
157,25,013,99990,00000,00000,0,S,Balance of Hampden County,Massachusetts,105290,104891,104683,104623,104880,105476
061,25,013,00000,00840,00000,0,F,Agawam Town city,Massachusetts,28692,28627,28447,28362,28454,28749
071,25,013,00840,00840,00000,1,A,Agawam Town city,Massachusetts,28692,28627,28447,28362,28454,28749
061,25,013,00000,06085,00000,1,A,Blandford town,Massachusetts,1214,1211,1210,1208,1206,1209
061,25,013,00000,08470,00000,1,A,Brimfield town,Massachusetts,3694,3689,3691,3693,3709,3733
061,25,013,00000,13485,00000,1,A,Chester town,Massachusetts,1226,1225,1220,1218,1215,1221
061,25,013,00000,13660,00000,0,F,Chicopee city,Massachusetts,55566,55444,55225,55040,55347,55381
071,25,013,13660,13660,00000,1,A,Chicopee city,Massachusetts,55566,55444,55225,55040,55347,55381
061,25,013,00000,19645,00000,1,A,East Longmeadow town,Massachusetts,16427,16408,16364,16375,16444,16515
061,25,013,00000,26675,00000,1,A,Granville town,Massachusetts,1540,1538,1536,1531,1533,1540
061,25,013,00000,28075,00000,1,A,Hampden town,Massachusetts,4964,4956,4941,4930,4944,4964
061,25,013,00000,30665,00000,1,A,Holland town,Massachusetts,2603,2596,2585,2575,2574,2581
061,25,013,00000,30840,00000,0,F,Holyoke city,Massachusetts,38248,38139,37716,37676,37673,37838
071,25,013,30840,30840,00000,1,A,Holyoke city,Massachusetts,38248,38139,37716,37676,37673,37838
061,25,013,00000,36300,00000,1,A,Longmeadow town,Massachusetts,15853,15813,15691,15642,15670,15712
061,25,013,00000,37175,00000,1,A,Ludlow town,Massachusetts,21007,20763,20852,20889,20908,21118
061,25,013,00000,42145,00000,1,A,Monson town,Massachusetts,8152,8133,8113,8102,8129,8164
061,25,013,00000,42530,00000,1,A,Montgomery town,Massachusetts,821,819,818,821,830,837
061,25,013,00000,52144,00000,0,F,Palmer Town city,Massachusetts,12454,12419,12373,12339,12342,12388
071,25,013,52144,52144,00000,1,A,Palmer Town city,Massachusetts,12454,12419,12373,12339,12342,12388
061,25,013,00000,58650,00000,1,A,Russell town,Massachusetts,1643,1639,1636,1633,1635,1640
061,25,013,00000,65825,00000,1,A,Southwick town,Massachusetts,9235,9217,9208,9196,9222,9277
061,25,013,00000,67000,00000,0,F,Springfield city,Massachusetts,155927,155258,154978,154440,154220,154888
071,25,013,67000,67000,00000,1,A,Springfield city,Massachusetts,155927,155258,154978,154440,154220,154888
061,25,013,00000,70045,00000,1,A,Tolland town,Massachusetts,471,470,468,467,471,474
061,25,013,00000,72390,00000,1,A,Wales town,Massachusetts,1833,1830,1821,1812,1821,1828
061,25,013,00000,76030,00000,0,F,Westfield city,Massachusetts,40824,40169,40561,40439,40283,40403
071,25,013,76030,76030,00000,1,A,Westfield city,Massachusetts,40824,40169,40561,40439,40283,40403
061,25,013,00000,77890,00000,0,F,West Springfield Town city,Massachusetts,28832,28767,28657,28521,28929,29028
071,25,013,77890,77890,00000,1,A,West Springfield Town city,Massachusetts,28832,28767,28657,28521,28929,29028
061,25,013,00000,79740,00000,1,A,Wilbraham town,Massachusetts,14607,14584,14529,14531,14569,14663
050,25,015,00000,00000,00000,0,N,Hampshire County,Massachusetts,162308,148589,165069,165397,165686,165399
157,25,015,01370,00000,00000,0,A,Amherst Town city,Massachusetts,39264,27806,40260,40754,41049,40989
157,25,015,19365,00000,00000,0,A,Easthampton city,Massachusetts,16211,16172,16112,16121,16057,16020
157,25,015,46330,00000,00000,0,A,Northampton city,Massachusetts,29567,29279,31465,31397,31384,31315
157,25,015,99990,00000,00000,0,S,Balance of Hampshire County,Massachusetts,77266,75332,77232,77125,77196,77075
061,25,015,00000,01370,00000,0,F,Amherst Town city,Massachusetts,39264,27806,40260,40754,41049,40989
071,25,015,01370,01370,00000,1,A,Amherst Town city,Massachusetts,39264,27806,40260,40754,41049,40989
061,25,015,00000,04825,00000,1,A,Belchertown town,Massachusetts,15351,15339,15395,15419,15407,15372
061,25,015,00000,13590,00000,1,A,Chesterfield town,Massachusetts,1187,1186,1187,1183,1179,1174
061,25,015,00000,16040,00000,1,A,Cummington town,Massachusetts,829,827,825,823,823,819
061,25,015,00000,19365,00000,0,F,Easthampton city,Massachusetts,16211,16172,16112,16121,16057,16020
071,25,015,19365,19365,00000,1,A,Easthampton city,Massachusetts,16211,16172,16112,16121,16057,16020
061,25,015,00000,26290,00000,1,A,Goshen town,Massachusetts,962,960,958,953,948,942
061,25,015,00000,26535,00000,1,A,Granby town,Massachusetts,6109,6099,6092,6085,6083,6064
061,25,015,00000,27690,00000,1,A,Hadley town,Massachusetts,5325,5317,5297,5307,5303,5284
061,25,015,00000,29265,00000,1,A,Hatfield town,Massachusetts,3344,3338,3337,3334,3334,3321
061,25,015,00000,31785,00000,1,A,Huntington town,Massachusetts,2100,2095,2089,2084,2080,2071
061,25,015,00000,40990,00000,1,A,Middlefield town,Massachusetts,388,389,394,394,394,397
061,25,015,00000,46330,00000,0,F,Northampton city,Massachusetts,29567,29279,31465,31397,31384,31315
071,25,015,46330,46330,00000,1,A,Northampton city,Massachusetts,29567,29279,31465,31397,31384,31315
061,25,015,00000,52560,00000,1,A,Pelham town,Massachusetts,1284,1281,1274,1274,1272,1343
061,25,015,00000,54030,00000,1,A,Plainfield town,Massachusetts,630,630,632,634,638,649
061,25,015,00000,62745,00000,1,A,Southampton town,Massachusetts,6228,6221,6234,6246,6223,6181
061,25,015,00000,64145,00000,1,A,South Hadley town,Massachusetts,18153,16306,18209,18125,18104,18031
061,25,015,00000,72880,00000,1,A,Ware town,Massachusetts,10060,10037,10000,9959,10112,10142
061,25,015,00000,76380,00000,1,A,Westhampton town,Massachusetts,1619,1615,1624,1628,1631,1629
061,25,015,00000,79915,00000,1,A,Williamsburg town,Massachusetts,2504,2500,2494,2486,2480,2475
061,25,015,00000,82175,00000,1,A,Worthington town,Massachusetts,1193,1192,1191,1191,1185,1181
050,25,017,00000,00000,00000,0,N,Middlesex County,Massachusetts,1631915,1627578,1620553,1629805,1644932,1668956
157,25,017,11000,00000,00000,0,A,Cambridge city,Massachusetts,118379,118204,117215,117973,119315,121186
157,25,017,21990,00000,00000,0,A,Everett city,Massachusetts,49078,48957,48724,49883,50848,51825
157,25,017,24960,00000,00000,0,A,Framingham city,Massachusetts,72377,72129,71796,72115,72624,73361
157,25,017,37000,00000,00000,0,A,Lowell city,Massachusetts,115560,115834,117970,118510,119153,120418
157,25,017,37875,00000,00000,0,A,Malden city,Massachusetts,66274,66086,65349,65472,65840,66693
157,25,017,38715,00000,00000,0,A,Marlborough city,Massachusetts,41800,41685,41244,41406,41784,42169
157,25,017,39835,00000,00000,0,A,Medford city,Massachusetts,59671,59520,58874,59062,59395,59898
157,25,017,40115,00000,00000,0,A,Melrose city,Massachusetts,29821,29740,29408,29491,29673,29938
157,25,017,45560,00000,00000,0,A,Newton city,Massachusetts,88931,88853,88052,88307,89261,90700
157,25,017,62535,00000,00000,0,A,Somerville city,Massachusetts,81048,80901,80263,80640,81240,82149
157,25,017,72600,00000,00000,0,A,Waltham city,Massachusetts,65206,64238,64576,64719,65165,65849
157,25,017,73405,00000,00000,0,A,Watertown city,Massachusetts,35338,35369,35308,35403,35652,35985
157,25,017,81035,00000,00000,0,A,Woburn city,Massachusetts,40881,40827,41176,41702,42083,43895
157,25,017,99990,00000,00000,0,S,Balance of Middlesex County,Massachusetts,767551,765235,760598,765122,772899,784890
061,25,017,00000,00380,00000,1,A,Acton town,Massachusetts,24019,23964,23921,24097,24282,24539
061,25,017,00000,01605,00000,1,A,Arlington town,Massachusetts,46322,46202,45811,46048,46617,47112
061,25,017,00000,01955,00000,1,A,Ashby town,Massachusetts,3190,3184,3181,3200,3229,3270
061,25,017,00000,02130,00000,1,A,Ashland town,Massachusetts,18830,18836,18643,18684,18792,19391
061,25,017,00000,03005,00000,1,A,Ayer town,Massachusetts,8483,8481,8428,8515,8817,9010
061,25,017,00000,04615,00000,1,A,Bedford town,Massachusetts,14699,14675,14550,14610,14798,14955
061,25,017,00000,05070,00000,1,A,Belmont town,Massachusetts,27307,27235,26950,27024,27183,27442
061,25,017,00000,05805,00000,1,A,Billerica town,Massachusetts,42114,41842,41475,41748,41991,42978
061,25,017,00000,07350,00000,1,A,Boxborough town,Massachusetts,5508,5495,5447,5475,5511,5565
061,25,017,00000,09840,00000,1,A,Burlington town,Massachusetts,26058,26002,25799,25949,26653,26977
061,25,017,00000,11000,00000,0,F,Cambridge city,Massachusetts,118379,118204,117215,117973,119315,121186
071,25,017,11000,11000,00000,1,A,Cambridge city,Massachusetts,118379,118204,117215,117973,119315,121186
061,25,017,00000,11525,00000,1,A,Carlisle town,Massachusetts,5242,5233,5198,5214,5248,5317
061,25,017,00000,13135,00000,1,A,Chelmsford town,Massachusetts,36373,36383,36036,36312,36596,36953
061,25,017,00000,15060,00000,1,A,Concord town,Massachusetts,18495,18364,18209,18171,18273,18092
061,25,017,00000,17475,00000,1,A,Dracut town,Massachusetts,32600,32529,32283,32424,32637,32972
061,25,017,00000,17825,00000,1,A,Dunstable town,Massachusetts,3365,3362,3352,3393,3445,3500
061,25,017,00000,21990,00000,0,F,Everett city,Massachusetts,49078,48957,48724,49883,50848,51825
071,25,017,21990,21990,00000,1,A,Everett city,Massachusetts,49078,48957,48724,49883,50848,51825
061,25,017,00000,24960,00000,0,F,Framingham city,Massachusetts,72377,72129,71796,72115,72624,73361
071,25,017,24960,24960,00000,1,A,Framingham city,Massachusetts,72377,72129,71796,72115,72624,73361
061,25,017,00000,27480,00000,1,A,Groton town,Massachusetts,11359,11324,11248,11320,11430,11580
061,25,017,00000,30700,00000,1,A,Holliston town,Massachusetts,15002,14988,14921,15036,15199,15347
061,25,017,00000,31085,00000,1,A,Hopkinton town,Massachusetts,18763,18762,18985,19386,19639,19971
061,25,017,00000,31540,00000,1,A,Hudson town,Massachusetts,20082,20029,19857,19970,20135,20364
061,25,017,00000,35215,00000,1,A,Lexington town,Massachusetts,34455,34413,34026,34098,34296,34743
061,25,017,00000,35425,00000,1,A,Lincoln town,Massachusetts,6996,6977,6895,6914,6945,6996
061,25,017,00000,35950,00000,1,A,Littleton town,Massachusetts,10133,10131,10112,10249,10356,10495
061,25,017,00000,37000,00000,0,F,Lowell city,Massachusetts,115560,115834,117970,118510,119153,120418
071,25,017,37000,37000,00000,1,A,Lowell city,Massachusetts,115560,115834,117970,118510,119153,120418
061,25,017,00000,37875,00000,0,F,Malden city,Massachusetts,66274,66086,65349,65472,65840,66693
071,25,017,37875,37875,00000,1,A,Malden city,Massachusetts,66274,66086,65349,65472,65840,66693
061,25,017,00000,38715,00000,0,F,Marlborough city,Massachusetts,41800,41685,41244,41406,41784,42169
071,25,017,38715,38715,00000,1,A,Marlborough city,Massachusetts,41800,41685,41244,41406,41784,42169
061,25,017,00000,39625,00000,1,A,Maynard town,Massachusetts,10745,10729,10620,10667,10722,10820
061,25,017,00000,39835,00000,0,F,Medford city,Massachusetts,59671,59520,58874,59062,59395,59898
071,25,017,39835,39835,00000,1,A,Medford city,Massachusetts,59671,59520,58874,59062,59395,59898
061,25,017,00000,40115,00000,0,F,Melrose city,Massachusetts,29821,29740,29408,29491,29673,29938
071,25,017,40115,40115,00000,1,A,Melrose city,Massachusetts,29821,29740,29408,29491,29673,29938
061,25,017,00000,43895,00000,1,A,Natick town,Massachusetts,37011,36924,36522,36682,36910,37316
061,25,017,00000,45560,00000,0,F,Newton city,Massachusetts,88931,88853,88052,88307,89261,90700
071,25,017,45560,45560,00000,1,A,Newton city,Massachusetts,88931,88853,88052,88307,89261,90700
061,25,017,00000,48955,00000,1,A,North Reading town,Massachusetts,15546,15512,15394,15625,15868,16379
061,25,017,00000,52805,00000,1,A,Pepperell town,Massachusetts,11600,11571,11523,11646,11737,11877
061,25,017,00000,56130,00000,1,A,Reading town,Massachusetts,25517,25536,25314,25483,25697,26041
061,25,017,00000,61380,00000,1,A,Sherborn town,Massachusetts,4400,4394,4381,4399,4432,4485
061,25,017,00000,61590,00000,1,A,Shirley town,Massachusetts,7438,7233,6844,6855,6915,7042
061,25,017,00000,62535,00000,0,F,Somerville city,Massachusetts,81048,80901,80263,80640,81240,82149
071,25,017,62535,62535,00000,1,A,Somerville city,Massachusetts,81048,80901,80263,80640,81240,82149
061,25,017,00000,67665,00000,1,A,Stoneham town,Massachusetts,23246,23187,22910,22964,23098,24550
061,25,017,00000,68050,00000,1,A,Stow town,Massachusetts,7177,7157,7088,7123,7161,7335
061,25,017,00000,68260,00000,1,A,Sudbury town,Massachusetts,18930,18876,19095,19166,19592,19805
061,25,017,00000,69415,00000,1,A,Tewksbury town,Massachusetts,31202,31132,30889,31042,31433,31796
061,25,017,00000,70360,00000,1,A,Townsend town,Massachusetts,9127,9107,9017,9051,9112,9220
061,25,017,00000,71025,00000,1,A,Tyngsborough town,Massachusetts,12381,12400,12470,12514,12610,12779
061,25,017,00000,72215,00000,1,A,Wakefield town,Massachusetts,27083,27070,27201,27378,28110,29216
061,25,017,00000,72600,00000,0,F,Waltham city,Massachusetts,65206,64238,64576,64719,65165,65849
071,25,017,72600,72600,00000,1,A,Waltham city,Massachusetts,65206,64238,64576,64719,65165,65849
061,25,017,00000,73405,00000,0,F,Watertown city,Massachusetts,35338,35369,35308,35403,35652,35985
071,25,017,73405,73405,00000,1,A,Watertown city,Massachusetts,35338,35369,35308,35403,35652,35985
061,25,017,00000,73790,00000,1,A,Wayland town,Massachusetts,13964,13926,13803,13840,13916,14054
061,25,017,00000,76135,00000,1,A,Westford town,Massachusetts,24609,24698,24485,24546,24726,25024
061,25,017,00000,77255,00000,1,A,Weston town,Massachusetts,11853,11141,11585,11642,11707,11827
061,25,017,00000,80230,00000,1,A,Wilmington town,Massachusetts,23355,23302,23071,23167,23397,23802
061,25,017,00000,80510,00000,1,A,Winchester town,Massachusetts,22972,22929,23059,23495,23684,23953
061,25,017,00000,81035,00000,0,F,Woburn city,Massachusetts,40881,40827,41176,41702,42083,43895
071,25,017,81035,81035,00000,1,A,Woburn city,Massachusetts,40881,40827,41176,41702,42083,43895
050,25,019,00000,00000,00000,0,N,Nantucket County,Massachusetts,14250,14239,14507,14464,14534,14670
061,25,019,00000,43790,00000,1,A,Nantucket town,Massachusetts,14250,14239,14507,14464,14534,14670
050,25,021,00000,00000,00000,0,A,Norfolk County,Massachusetts,726010,723750,724906,728619,732379,740754
157,25,021,07740,00000,00000,0,A,Braintree Town city,Massachusetts,39146,39075,38789,38763,38771,39134
157,25,021,25172,00000,00000,0,A,Franklin Town city,Massachusetts,33271,32324,33101,33217,33376,33742
157,25,021,55745,00000,00000,0,A,Quincy city,Massachusetts,101618,101492,101144,102249,102304,103434
157,25,021,56000,00000,00000,0,A,Randolph Town city,Massachusetts,35028,34971,34755,34762,34795,35114
157,25,021,78972,00000,00000,0,A,Weymouth Town city,Massachusetts,57443,57471,57639,57707,59543,60159
157,25,021,99990,00000,00000,0,S,Balance of Norfolk County,Massachusetts,459504,458417,459478,461921,463590,469171
061,25,021,00000,02935,00000,1,A,Avon town,Massachusetts,4777,4773,4757,4760,4762,4801
061,25,021,00000,04930,00000,1,A,Bellingham town,Massachusetts,16950,16951,16919,17490,17680,17998
061,25,021,00000,07740,00000,0,F,Braintree Town city,Massachusetts,39146,39075,38789,38763,38771,39134
071,25,021,07740,07740,00000,1,A,Braintree Town city,Massachusetts,39146,39075,38789,38763,38771,39134
061,25,021,00000,09175,00000,1,A,Brookline town,Massachusetts,63165,63022,63104,63091,63188,63925
061,25,021,00000,11315,00000,1,A,Canton town,Massachusetts,24372,24397,24525,24733,24801,25163
061,25,021,00000,14640,00000,1,A,Cohasset town,Massachusetts,8392,8379,8376,8390,8453,8532
061,25,021,00000,16495,00000,1,A,Dedham town,Massachusetts,25364,25217,25148,25124,25241,25485
061,25,021,00000,17405,00000,1,A,Dover town,Massachusetts,5926,5918,5896,5893,5909,6057
061,25,021,00000,24820,00000,1,A,Foxborough town,Massachusetts,18623,18600,18531,18583,18622,18791
061,25,021,00000,25172,00000,0,F,Franklin Town city,Massachusetts,33271,32324,33101,33217,33376,33742
071,25,021,25172,25172,00000,1,A,Franklin Town city,Massachusetts,33271,32324,33101,33217,33376,33742
061,25,021,00000,30455,00000,1,A,Holbrook town,Massachusetts,11403,11384,11338,11340,11362,11475
061,25,021,00000,39765,00000,1,A,Medfield town,Massachusetts,12801,12803,12911,13137,13185,13334
061,25,021,00000,39975,00000,1,A,Medway town,Massachusetts,13110,13086,13120,13450,13666,13836
061,25,021,00000,41515,00000,1,A,Millis town,Massachusetts,8458,8501,8669,8873,9079,9338
061,25,021,00000,41690,00000,1,A,Milton town,Massachusetts,28625,28596,28475,28493,28565,28811
061,25,021,00000,44105,00000,1,A,Needham town,Massachusetts,32227,32238,32200,32398,32507,32931
061,25,021,00000,46050,00000,1,A,Norfolk town,Massachusetts,11667,11562,11492,11611,11677,11962
061,25,021,00000,50250,00000,1,A,Norwood town,Massachusetts,31615,31574,31401,31484,31489,31764
061,25,021,00000,54100,00000,1,A,Plainville town,Massachusetts,9943,9931,9904,9919,9957,10067
061,25,021,00000,55745,00000,0,F,Quincy city,Massachusetts,101618,101492,101144,102249,102304,103434
071,25,021,55745,55745,00000,1,A,Quincy city,Massachusetts,101618,101492,101144,102249,102304,103434
061,25,021,00000,56000,00000,0,F,Randolph Town city,Massachusetts,35028,34971,34755,34762,34795,35114
071,25,021,56000,56000,00000,1,A,Randolph Town city,Massachusetts,35028,34971,34755,34762,34795,35114
061,25,021,00000,60785,00000,1,A,Sharon town,Massachusetts,18573,18547,18487,18504,18580,18762
061,25,021,00000,67945,00000,1,A,Stoughton town,Massachusetts,29288,29251,29128,29127,29180,29457
061,25,021,00000,72495,00000,1,A,Walpole town,Massachusetts,26376,26519,26426,26413,26158,26391
061,25,021,00000,74175,00000,1,A,Wellesley town,Massachusetts,29425,28774,30346,30540,30800,31242
061,25,021,00000,78690,00000,1,A,Westwood town,Massachusetts,16250,16229,16229,16296,16354,16533
061,25,021,00000,78972,00000,0,F,Weymouth Town city,Massachusetts,57443,57471,57639,57707,59543,60159
071,25,021,78972,78972,00000,1,A,Weymouth Town city,Massachusetts,57443,57471,57639,57707,59543,60159
061,25,021,00000,82315,00000,1,A,Wrentham town,Massachusetts,12174,12165,12096,12272,12375,12516
050,25,023,00000,00000,00000,0,A,Plymouth County,Massachusetts,530820,528454,532726,534297,537807,542090
157,25,023,08130,00000,00000,0,A,Bridgewater Town city,Massachusetts,28627,26788,28604,28816,28951,29167
157,25,023,09000,00000,00000,0,A,Brockton city,Massachusetts,105654,105485,105413,105029,105236,105788
157,25,023,99990,00000,00000,0,S,Balance of Plymouth County,Massachusetts,396539,396181,398709,400452,403620,407135
061,25,023,00000,00170,00000,1,A,Abington town,Massachusetts,17059,17054,17080,16999,17032,17090
061,25,023,00000,08130,00000,0,F,Bridgewater Town city,Massachusetts,28627,26788,28604,28816,28951,29167
071,25,023,08130,08130,00000,1,A,Bridgewater Town city,Massachusetts,28627,26788,28604,28816,28951,29167
061,25,023,00000,09000,00000,0,F,Brockton city,Massachusetts,105654,105485,105413,105029,105236,105788
071,25,023,09000,09000,00000,1,A,Brockton city,Massachusetts,105654,105485,105413,105029,105236,105788
061,25,023,00000,11665,00000,1,A,Carver town,Massachusetts,11649,11632,11678,11655,11727,11817
061,25,023,00000,17895,00000,1,A,Duxbury town,Massachusetts,16088,16075,16158,16137,16239,16377
061,25,023,00000,18455,00000,1,A,East Bridgewater town,Massachusetts,14442,14429,14482,14398,14456,14519
061,25,023,00000,27795,00000,1,A,Halifax town,Massachusetts,7749,7743,7754,7717,7749,7786
061,25,023,00000,28285,00000,1,A,Hanover town,Massachusetts,14826,14819,14886,14792,14802,14887
061,25,023,00000,28495,00000,1,A,Hanson town,Massachusetts,10635,10628,10686,10608,10628,10719
061,25,023,00000,30210,00000,1,A,Hingham town,Massachusetts,24284,24260,24266,24184,24276,24414
061,25,023,00000,31645,00000,1,A,Hull town,Massachusetts,10070,10069,10112,10083,10143,10278
061,25,023,00000,33220,00000,1,A,Kingston town,Massachusetts,13701,13716,13775,13856,14327,14462
061,25,023,00000,33920,00000,1,A,Lakeville town,Massachusetts,11527,11543,11863,12011,12108,12262
061,25,023,00000,38540,00000,1,A,Marion town,Massachusetts,5343,5335,5317,5299,5309,5341
061,25,023,00000,38855,00000,1,A,Marshfield town,Massachusetts,25827,25798,25873,25777,25881,26043
061,25,023,00000,39450,00000,1,A,Mattapoisett town,Massachusetts,6513,6511,6583,6606,6678,6763
061,25,023,00000,40850,00000,1,A,Middleborough town,Massachusetts,24243,24260,24441,24429,24595,24847
061,25,023,00000,50145,00000,1,A,Norwell town,Massachusetts,11351,11339,11335,11320,11359,11477
061,25,023,00000,52630,00000,1,A,Pembroke town,Massachusetts,18360,18343,18427,18333,18358,18428
061,25,023,00000,54310,00000,1,A,Plymouth town,Massachusetts,61212,61022,61909,64356,65700,66663
061,25,023,00000,54415,00000,1,A,Plympton town,Massachusetts,2929,2927,2938,2929,2942,2964
061,25,023,00000,57600,00000,1,A,Rochester town,Massachusetts,5720,5723,5765,5826,5889,5936
061,25,023,00000,57775,00000,1,A,Rockland town,Massachusetts,17802,17774,17777,17641,17653,17708
061,25,023,00000,60330,00000,1,A,Scituate town,Massachusetts,19066,19071,19300,19366,19498,19598
061,25,023,00000,72985,00000,1,A,Wareham town,Massachusetts,23300,23274,23313,23192,23186,23526
061,25,023,00000,75260,00000,1,A,West Bridgewater town,Massachusetts,7714,7711,7703,7647,7717,7771
061,25,023,00000,79530,00000,1,A,Whitman town,Massachusetts,15129,15125,15288,15291,15368,15459
050,25,025,00000,00000,00000,0,N,Suffolk County,Massachusetts,800937,797239,776280,777266,781678,793144
157,25,025,07000,00000,00000,0,A,Boston city,Massachusetts,678622,675522,658581,660080,664603,673458
157,25,025,13205,00000,00000,0,A,Chelsea city,Massachusetts,40746,40549,39596,39577,39526,40245
157,25,025,56585,00000,00000,0,A,Revere city,Massachusetts,62247,61911,59475,58967,58966,60702
157,25,025,81005,00000,00000,0,A,Winthrop Town city,Massachusetts,19322,19257,18628,18642,18583,18739
061,25,025,00000,07000,00000,0,F,Boston city,Massachusetts,678622,675522,658581,660080,664603,673458
071,25,025,07000,07000,00000,1,A,Boston city,Massachusetts,678622,675522,658581,660080,664603,673458
061,25,025,00000,13205,00000,0,F,Chelsea city,Massachusetts,40746,40549,39596,39577,39526,40245
071,25,025,13205,13205,00000,1,A,Chelsea city,Massachusetts,40746,40549,39596,39577,39526,40245
061,25,025,00000,56585,00000,0,F,Revere city,Massachusetts,62247,61911,59475,58967,58966,60702
071,25,025,56585,56585,00000,1,A,Revere city,Massachusetts,62247,61911,59475,58967,58966,60702
061,25,025,00000,81005,00000,0,F,Winthrop Town city,Massachusetts,19322,19257,18628,18642,18583,18739
071,25,025,81005,81005,00000,1,A,Winthrop Town city,Massachusetts,19322,19257,18628,18642,18583,18739
050,25,027,00000,00000,00000,0,N,Worcester County,Massachusetts,862104,857092,862052,865735,872813,881248
157,25,027,23875,00000,00000,0,A,Fitchburg city,Massachusetts,41948,41672,41665,41668,41840,42145
157,25,027,25485,00000,00000,0,A,Gardner city,Massachusetts,21282,21222,21028,21017,21104,21381
157,25,027,35075,00000,00000,0,A,Leominster city,Massachusetts,43792,43755,43740,43899,43908,44209
157,25,027,63345,00000,00000,0,A,Southbridge Town city,Massachusetts,17738,17704,17847,17961,18002,18106
157,25,027,82000,00000,00000,0,A,Worcester city,Massachusetts,206511,202475,205656,206602,209211,211286
157,25,027,99990,00000,00000,0,S,Balance of Worcester County,Massachusetts,530833,530264,532116,534588,538748,544121
061,25,027,00000,01885,00000,1,A,Ashburnham town,Massachusetts,6315,6312,6368,6409,6456,6522
061,25,027,00000,02480,00000,1,A,Athol town,Massachusetts,11941,11930,11944,11967,12018,12105
061,25,027,00000,02760,00000,1,A,Auburn town,Massachusetts,16886,16864,16862,16860,16943,17323
061,25,027,00000,03740,00000,1,A,Barre town,Massachusetts,5529,5523,5549,5566,5573,5631
061,25,027,00000,05490,00000,1,A,Berlin town,Massachusetts,3160,3271,3294,3380,3446,3479
061,25,027,00000,06015,00000,1,A,Blackstone town,Massachusetts,9201,9191,9215,9223,9270,9374
061,25,027,00000,06365,00000,1,A,Bolton town,Massachusetts,5659,5668,5696,5757,5773,5809
061,25,027,00000,07525,00000,1,A,Boylston town,Massachusetts,4852,4855,4901,4954,5005,5064
061,25,027,00000,09105,00000,1,A,Brookfield town,Massachusetts,3442,3438,3446,3455,3472,3500
061,25,027,00000,12715,00000,1,A,Charlton town,Massachusetts,13312,13304,13354,13435,13472,13606
061,25,027,00000,14395,00000,1,A,Clinton town,Massachusetts,15428,15412,15463,15535,15635,15740
061,25,027,00000,17300,00000,1,A,Douglas town,Massachusetts,8984,8997,9088,9207,9299,9452
061,25,027,00000,17685,00000,1,A,Dudley town,Massachusetts,11919,11907,11923,11915,11919,11984
061,25,027,00000,18560,00000,1,A,East Brookfield town,Massachusetts,2226,2222,2219,2218,2216,2237
061,25,027,00000,23875,00000,0,F,Fitchburg city,Massachusetts,41948,41672,41665,41668,41840,42145
071,25,027,23875,23875,00000,1,A,Fitchburg city,Massachusetts,41948,41672,41665,41668,41840,42145
061,25,027,00000,25485,00000,0,F,Gardner city,Massachusetts,21282,21222,21028,21017,21104,21381
071,25,027,25485,25485,00000,1,A,Gardner city,Massachusetts,21282,21222,21028,21017,21104,21381
061,25,027,00000,26430,00000,1,A,Grafton town,Massachusetts,19663,19654,19751,19844,19998,20352
061,25,027,00000,28740,00000,1,A,Hardwick town,Massachusetts,2667,2664,2674,2677,2684,2722
061,25,027,00000,28950,00000,1,A,Harvard town,Massachusetts,6849,6846,6863,6913,6956,7004
061,25,027,00000,30560,00000,1,A,Holden town,Massachusetts,19920,19903,19980,20018,20087,20326
061,25,027,00000,30945,00000,1,A,Hopedale town,Massachusetts,6013,6007,6023,6024,6025,6063
061,25,027,00000,31435,00000,1,A,Hubbardston town,Massachusetts,4324,4318,4332,4363,4374,4433
061,25,027,00000,34165,00000,1,A,Lancaster town,Massachusetts,8440,8424,8320,8433,8850,8993
061,25,027,00000,34795,00000,1,A,Leicester town,Massachusetts,11085,11064,11086,11096,11135,11224
061,25,027,00000,35075,00000,0,F,Leominster city,Massachusetts,43792,43755,43740,43899,43908,44209
071,25,027,35075,35075,00000,1,A,Leominster city,Massachusetts,43792,43755,43740,43899,43908,44209
061,25,027,00000,37420,00000,1,A,Lunenburg town,Massachusetts,11778,11792,11869,11902,11927,12007
061,25,027,00000,40255,00000,1,A,Mendon town,Massachusetts,6225,6224,6276,6321,6367,6441
061,25,027,00000,41165,00000,1,A,Milford town,Massachusetts,30386,30341,30327,30374,30442,30640
061,25,027,00000,41340,00000,1,A,Millbury town,Massachusetts,13825,13813,13832,13933,14012,14173
061,25,027,00000,41585,00000,1,A,Millville town,Massachusetts,3175,3166,3166,3166,3167,3187
061,25,027,00000,45105,00000,1,A,New Braintree town,Massachusetts,994,992,994,996,999,1010
061,25,027,00000,46820,00000,1,A,Northborough town,Massachusetts,15738,15710,15706,15731,15764,15867
061,25,027,00000,46925,00000,1,A,Northbridge town,Massachusetts,16336,16320,16322,16432,16561,16719
061,25,027,00000,47135,00000,1,A,North Brookfield town,Massachusetts,4737,4750,4767,4759,4758,4797
061,25,027,00000,50670,00000,1,A,Oakham town,Massachusetts,1852,1851,1856,1872,1900,1914
061,25,027,00000,51825,00000,1,A,Oxford town,Massachusetts,13356,13335,13357,13373,13400,13503
061,25,027,00000,52420,00000,1,A,Paxton town,Massachusetts,5012,4947,5031,4973,5007,5043
061,25,027,00000,53120,00000,1,A,Petersham town,Massachusetts,1195,1196,1207,1210,1225,1246
061,25,027,00000,53225,00000,1,A,Phillipston town,Massachusetts,1727,1724,1728,1731,1738,1759
061,25,027,00000,55395,00000,1,A,Princeton town,Massachusetts,3495,3493,3513,3525,3549,3597
061,25,027,00000,58580,00000,1,A,Royalston town,Massachusetts,1253,1253,1262,1271,1284,1291
061,25,027,00000,58825,00000,1,A,Rutland town,Massachusetts,9046,9085,9224,9364,9495,9637
061,25,027,00000,61800,00000,1,A,Shrewsbury town,Massachusetts,38320,38269,38360,38740,39347,39620
061,25,027,00000,63165,00000,1,A,Southborough town,Massachusetts,10454,10447,10467,10472,10497,10569
061,25,027,00000,63345,00000,0,F,Southbridge Town city,Massachusetts,17738,17704,17847,17961,18002,18106
071,25,027,63345,63345,00000,1,A,Southbridge Town city,Massachusetts,17738,17704,17847,17961,18002,18106
061,25,027,00000,66105,00000,1,A,Spencer town,Massachusetts,11985,11963,11981,11982,11995,12090
061,25,027,00000,67385,00000,1,A,Sterling town,Massachusetts,7982,7977,8176,8182,8251,8310
061,25,027,00000,68155,00000,1,A,Sturbridge town,Massachusetts,9879,9865,9903,9954,9992,10097
061,25,027,00000,68610,00000,1,A,Sutton town,Massachusetts,9358,9353,9403,9433,9497,9599
061,25,027,00000,69275,00000,1,A,Templeton town,Massachusetts,8147,8143,8184,8235,8315,8387
061,25,027,00000,71480,00000,1,A,Upton town,Massachusetts,8001,8004,8086,8154,8279,8475
061,25,027,00000,71620,00000,1,A,Uxbridge town,Massachusetts,14165,14197,14319,14468,14619,14703
061,25,027,00000,73090,00000,1,A,Warren town,Massachusetts,4974,4967,4977,4999,5036,5086
061,25,027,00000,73895,00000,1,A,Webster town,Massachusetts,17774,17738,17689,17705,17705,17817
061,25,027,00000,75015,00000,1,A,Westborough town,Massachusetts,21565,21534,21543,21624,22371,22643
061,25,027,00000,75155,00000,1,A,West Boylston town,Massachusetts,7876,7638,7708,7799,7834,7938
061,25,027,00000,75400,00000,1,A,West Brookfield town,Massachusetts,3834,3829,3825,3837,3869,3917
061,25,027,00000,77010,00000,1,A,Westminster town,Massachusetts,8211,8230,8313,8376,8433,8509
061,25,027,00000,80405,00000,1,A,Winchendon town,Massachusetts,10363,10344,10394,10446,10507,10587
061,25,027,00000,82000,00000,0,F,Worcester city,Massachusetts,206511,202475,205656,206602,209211,211286
071,25,027,82000,82000,00000,1,A,Worcester city,Massachusetts,206511,202475,205656,206602,209211,211286
